,me_change
0,986275.1875
1,848171.9375
2,765942.25
3,710742.25
4,665518.0
5,620416.0
6,582860.6875
7,552107.625
8,526685.5625
9,504652.84375
10,485176.0
11,471102.4375
12,467753.15625
13,458212.90625
14,451477.8125
15,446038.21875
16,442695.9375
17,439808.5625
18,435201.0
19,432003.75
20,430113.40625
21,427326.0625
22,425571.9375
23,425702.34375
24,425847.90625
25,424820.0
26,422955.875
27,420129.5625
28,416514.71875
29,412113.5625
30,407699.46875
31,403518.1875
32,399377.625
33,396490.9375
34,394165.4375
35,391713.9375
36,389744.1875
37,387931.0
38,386271.28125
39,384737.0
40,383460.875
41,382139.0625
42,380853.65625
43,379616.75
44,378182.46875
45,376373.65625
46,374671.09375
47,372960.5
48,371245.875
49,369552.5625
50,367866.1875
51,366182.09375
52,364497.21875
53,362807.5
54,361109.8125
55,359427.3125
56,357747.6875
57,356067.9375
58,354392.96875
59,352726.875
60,351067.625
61,349419.15625
62,347782.75
63,346152.03125
64,344527.3125
65,342904.25
66,341280.09375
67,339658.9375
68,338037.03125
69,336411.15625
70,334789.875
71,333180.21875
72,331639.53125
73,330082.71875
74,328507.90625
75,326917.5625
76,325316.875
77,323705.6875
78,322085.34375
79,320484.78125
80,318905.3125
81,317322.75
82,315738.9375
83,314154.0625
84,312563.40625
85,310960.1875
86,309352.8125
87,307739.8125
88,306121.3125
89,304532.65625
90,302945.15625
91,301347.6875
92,299733.4375
93,298115.34375
94,296490.6875
95,294862.96875
96,293231.28125
97,291600.0625
98,289991.4375
99,288372.84375
100,286743.21875
101,285117.78125
102,283498.875
103,281871.8125
104,280239.6875
105,278637.25
106,277139.5625
107,275632.6875
108,274148.625
109,272722.75
110,271319.34375
111,269950.625
112,268628.71875
113,267337.71875
114,266032.25
115,264713.71875
116,263391.1875
117,262088.0625
118,260788.78125
119,259545.515625
120,258269.25
121,257023.328125
122,255771.015625
123,254564.78125
124,253345.3125
125,252108.96875
126,250871.5625
127,249624.796875
128,248413.578125
129,247199.390625
130,245992.703125
131,244795.46875
132,243622.5625
133,242459.546875
134,241326.0
135,240157.890625
136,238989.96875
137,237835.265625
138,236664.625
139,235485.0625
140,234350.578125
141,233203.875
142,232052.15625
143,230926.734375
144,229801.21875
145,228659.234375
146,227510.703125
147,226372.921875
148,225223.890625
149,224090.484375
150,222965.5
151,221835.890625
152,220836.953125
153,219951.765625
154,219067.734375
155,218154.375
156,217306.0
157,216511.40625
158,215747.796875
159,214995.75
160,214249.46875
161,213487.78125
162,212720.625
163,211954.375
164,211182.296875
165,210411.1875
166,209653.421875
167,208909.375
168,208176.5625
169,207464.65625
170,206751.75
171,206031.21875
172,205305.34375
173,204587.53125
174,203866.703125
175,203141.9375
176,202432.875
177,201711.03125
178,201010.203125
179,200306.75
180,199607.40625
181,198913.03125
182,198211.21875
183,197519.234375
184,196821.125
185,196137.046875
186,195442.84375
187,194757.75
188,194071.046875
189,193387.453125
190,192701.75
191,192015.171875
192,191339.671875
193,190667.015625
194,189980.75
195,189298.84375
196,188637.046875
197,187945.484375
198,187290.34375
199,186623.09375
200,185942.46875
201,185253.90625
202,184583.203125
203,183919.84375
204,183244.65625
205,182568.59375
206,181906.09375
207,181225.90625
208,180576.75
209,179917.046875
210,179232.4375
211,178559.125
212,177899.96875
213,177220.71875
214,176567.84375
215,175928.15625
216,175267.71875
217,174645.046875
218,174004.84375
219,173340.78125
220,172720.59375
221,172086.3125
222,171430.890625
223,170807.9375
224,170182.640625
225,169545.578125
226,168937.15625
227,168339.8125
228,167726.109375
229,167119.375
230,166533.640625
231,165931.640625
232,165342.75
233,164752.0625
234,164174.40625
235,163581.8125
236,163007.171875
237,162425.65625
238,161838.625
239,161265.4375
240,160677.4375
241,160101.296875
242,159534.59375
243,158953.90625
244,158406.265625
245,157836.4375
246,157301.28125
247,156756.484375
248,156209.796875
249,155683.390625
250,155145.609375
251,154618.1875
252,154093.6875
253,153565.984375
254,153028.359375
255,152435.953125
256,151847.0
257,151274.875
258,150692.5
259,150087.171875
260,149494.125
261,148893.75
262,148292.234375
263,147688.0
264,147081.828125
265,146474.1875
266,145865.59375
267,145264.515625
268,144641.21875
269,144024.71875
270,143397.21875
271,142772.21875
272,142181.46875
273,141595.609375
274,141007.0625
275,140421.0
276,139840.6875
277,139266.703125
278,138654.671875
279,138034.21875
280,137424.375
281,136818.96875
282,136212.703125
283,135604.421875
284,134977.53125
285,134343.359375
286,133708.265625
287,133072.1875
288,132437.09375
289,131807.9375
290,131184.9375
291,130562.640625
292,129945.796875
293,129331.125
294,128718.859375
295,128107.0390625
296,127497.5625
297,126889.3671875
298,126284.828125
299,125681.640625
300,125082.1484375
301,124485.234375
302,123890.8203125
303,123296.625
304,122701.9921875
305,122103.25
306,121505.3359375
307,120911.7578125
308,120330.359375
309,119749.3984375
310,119171.21875
311,118595.7421875
312,118024.5625
313,117457.8828125
314,116893.328125
315,116330.0625
316,115769.7890625
317,115212.5078125
318,114657.53125
319,114102.890625
320,113550.2734375
321,113007.453125
322,112466.578125
323,111927.2890625
324,111393.796875
325,110865.4375
326,110331.7734375
327,109798.7890625
328,109268.5078125
329,108739.1484375
330,108210.578125
331,107683.71875
332,107180.109375
333,106692.40625
334,106197.703125
335,105700.734375
336,105213.703125
337,104730.15625
338,104248.890625
339,103769.46875
340,103292.2421875
341,102817.5546875
342,102347.0234375
343,101882.1171875
344,101423.4609375
345,100967.5
346,100515.71875
347,100068.140625
348,99624.1328125
349,99182.6015625
350,98759.984375
351,98326.3984375
352,97886.359375
353,97455.609375
354,97037.9921875
355,96622.0078125
356,96209.7890625
357,95799.0
358,95388.3671875
359,94976.5234375
360,94570.875
361,94175.828125
362,93776.3125
363,93375.515625
364,92991.6796875
365,92611.5546875
366,92220.4140625
367,91834.1640625
368,91457.8046875
369,91082.3359375
370,90707.1640625
371,90332.0546875
372,89956.9921875
373,89581.6171875
374,89211.46875
375,88860.59375
376,88495.2265625
377,88154.203125
378,87809.546875
379,87459.78125
380,87103.734375
381,86743.8125
382,86381.671875
383,86110.1796875
384,85750.7734375
385,85371.8515625
386,85057.6015625
387,84736.8515625
388,84415.7109375
389,84089.4609375
390,83757.9921875
391,83421.53125
392,83141.3359375
393,82817.2890625
394,82487.046875
395,82195.6875
396,81895.6484375
397,81585.7734375
398,81271.140625
399,80953.3125
400,80747.8828125
401,80440.1953125
402,80082.109375
403,79814.4296875
404,79537.734375
405,79249.453125
406,78956.8515625
407,78657.859375
408,78404.6328125
409,78110.3359375
410,77835.234375
411,77582.140625
412,77318.0703125
413,77042.0234375
414,76756.5625
415,76461.5
416,76246.953125
417,75986.5
418,75654.7109375
419,75447.8515625
420,75228.453125
421,75025.6171875
422,74727.046875
423,74403.4609375
424,74165.59375
425,73976.125
426,73717.609375
427,73399.15625
428,73163.1171875
429,73020.9453125
430,72775.015625
431,72426.203125
432,72238.5703125
433,72082.3828125
434,71859.2421875
435,71579.5
436,71250.2734375
437,71086.984375
438,70927.3046875
439,70652.96875
440,70334.8671875
441,70140.0078125
442,69939.46875
443,69683.2265625
444,69451.1796875
445,69235.53125
446,68995.359375
447,68749.890625
448,68526.03125
449,68291.71875
450,68049.8828125
451,67801.53125
452,67548.578125
453,67292.765625
454,67073.8359375
455,66801.3515625
456,66562.8828125
457,66320.9140625
458,66099.4921875
459,65852.65625
460,65622.28125
461,65387.9296875
462,65151.0078125
463,64914.96484375
464,64667.94140625
465,64424.55859375
466,64214.26171875
467,63956.62109375
468,63716.4453125
469,63467.6015625
470,63219.5078125
471,63000.5390625
472,62755.796875
473,62527.421875
474,62369.765625
475,62077.52734375
476,61850.53125
477,61629.3671875
478,61416.45703125
479,61203.4296875
480,61013.3515625
481,60787.828125
482,60628.34375
483,60433.0234375
484,60190.30859375
485,59943.17578125
486,59846.265625
487,59582.828125
488,59353.2578125
489,59204.13671875
490,59011.79296875
491,58788.484375
492,58584.44921875
493,58368.1953125
494,58170.4921875
495,57997.25390625
496,57770.890625
497,57434.375
498,57091.515625
499,56779.81640625
500,56464.8984375
501,56190.8515625
502,55988.23046875
503,55747.87890625
504,55443.6328125
505,55091.4609375
506,54735.4609375
507,54407.25
508,54119.140625
509,53842.3515625
510,53565.3984375
511,53278.125
512,52975.75390625
513,52661.328125
514,52341.37890625
515,52036.265625
516,51749.703125
517,51467.25
518,51185.21484375
519,50900.7109375
520,50612.41796875
521,50322.546875
522,50032.4609375
523,49745.60546875
524,49466.4296875
525,49196.59765625
526,48929.98046875
527,48662.65234375
528,48393.99609375
529,48133.140625
530,47872.60546875
531,47613.0390625
532,47353.1875
533,47101.515625
534,46850.1953125
535,46598.984375
536,46348.453125
537,46099.15625
538,45859.578125
539,45616.7265625
540,45369.578125
541,45122.73828125
542,44882.80859375
543,44643.55859375
544,44404.3046875
545,44164.94140625
546,43925.953125
547,43690.09765625
548,43454.8203125
549,43215.53125
550,42978.7265625
551,42742.18359375
552,42505.734375
553,42269.9375
554,42025.203125
555,41778.87109375
556,41531.32421875
557,41282.49609375
558,41032.48828125
559,40782.8515625
560,40531.92578125
561,40276.5703125
562,39985.9765625
563,39684.84765625
564,39375.3984375
565,39058.03515625
566,38732.44140625
567,38399.7578125
568,38060.140625
569,37713.38671875
570,37358.2265625
571,36978.4921875
572,36572.03125
573,36160.28515625
574,35747.40625
575,35303.33984375
576,34856.8125
577,34401.0703125
578,33928.4609375
579,33458.37890625
580,32976.625
581,32575.77734375
582,32196.041015625
583,31823.0078125
584,31441.28125
585,31100.791015625
586,30857.24609375
587,30621.185546875
588,30310.296875
589,29970.44140625
590,29629.349609375
591,29288.912109375
592,28948.056640625
593,28606.6796875
594,28263.484375
595,27920.138671875
596,27577.77734375
597,27238.642578125
598,26905.58203125
599,26578.015625
600,26255.36328125
601,25937.8984375
602,25622.7734375
603,25314.697265625
604,25014.20703125
605,24717.8046875
606,24424.462890625
607,24134.7109375
608,23848.1171875
609,23565.5
610,23293.46875
611,23025.13671875
612,22761.29296875
613,22492.546875
614,22221.345703125
615,21953.91796875
616,21691.953125
617,21436.66015625
618,21186.314453125
619,20939.2421875
620,20692.85546875
621,20446.3671875
622,20200.869140625
623,19943.21484375
624,19688.2578125
625,19434.98046875
626,19179.7109375
627,18920.84375
628,18661.14453125
629,18413.29296875
630,18168.56640625
631,17927.177734375
632,17688.53125
633,17452.763671875
634,17218.708984375
635,16986.392578125
636,16729.6484375
637,16459.5625
638,16306.994140625
639,16100.814453125
640,15887.8056640625
641,15723.5458984375
642,15597.404296875
643,15498.609375
644,15403.01171875
645,15302.2734375
646,15189.880859375
647,15066.681640625
648,14942.814453125
649,14818.6787109375
650,14698.427734375
651,14584.400390625
652,14475.15234375
653,14371.18359375
654,14271.88671875
655,14174.44140625
656,14078.359375
657,13969.41796875
658,13847.8125
659,13725.98046875
660,13625.09765625
661,13497.9462890625
662,13402.21875
663,13328.654296875
664,13259.484375
665,13183.982421875
666,13100.40234375
667,13004.73046875
668,12929.2041015625
669,12848.275390625
670,12768.515625
671,12701.453125
672,12621.4326171875
673,12533.546875
674,12448.779296875
675,12376.83203125
676,12305.44140625
677,12230.263671875
678,12155.234375
679,12108.427734375
680,12017.0546875
681,11951.921875
682,11885.4521484375
683,11817.10546875
684,11747.892578125
685,11677.6796875
686,11608.0859375
687,11539.083984375
688,11470.466796875
689,11402.4765625
690,11335.353515625
691,11268.9765625
692,11202.6875
693,11139.251953125
694,11067.9765625
695,11008.875
696,10953.4775390625
697,10897.052734375
698,10835.6435546875
699,10768.5009765625
700,10697.876953125
701,10635.640625
702,10574.22265625
703,10505.9775390625
704,10448.8017578125
705,10393.427734375
706,10337.5380859375
707,10280.78515625
708,10222.80859375
709,10163.77734375
710,10104.345703125
711,10045.197265625
712,9986.689453125
713,9928.9345703125
714,9875.041015625
715,9821.96875
716,9764.2802734375
717,9708.517578125
718,9655.1171875
719,9601.359375
720,9547.3974609375
721,9493.48046875
722,9439.38671875
723,9385.07421875
724,9330.802734375
725,9282.208984375
726,9230.587890625
727,9175.625
728,9120.9951171875
729,9068.13671875
730,9003.0048828125
731,8935.865234375
732,8869.625
733,8804.6943359375
734,8743.177734375
735,8687.43359375
736,8632.65234375
737,8576.296875
738,8517.68359375
739,8457.73828125
740,8397.71875
741,8338.4912109375
742,8280.6826171875
743,8224.396484375
744,8169.1689453125
745,8113.673828125
746,8057.7197265625
747,8001.63623046875
748,7945.32080078125
749,7889.05419921875
750,7833.0146484375
751,7777.451171875
752,7722.6884765625
753,7669.1962890625
754,7616.7216796875
755,7565.0654296875
756,7513.4033203125
757,7461.4248046875
758,7409.24755859375
759,7356.9765625
760,7305.3125
761,7253.6767578125
762,7203.623046875
763,7152.97998046875
764,7104.23046875
765,7056.7236328125
766,7009.41357421875
767,6962.1298828125
768,6914.5205078125
769,6867.07421875
770,6820.69873046875
771,6774.080078125
772,6729.27001953125
773,6684.55322265625
774,6639.60546875
775,6594.599609375
776,6549.4814453125
777,6504.427734375
778,6459.7763671875
779,6416.591796875
780,6373.56591796875
781,6330.1865234375
782,6285.845703125
783,6242.1923828125
784,6201.4296875
785,6159.37890625
786,6115.408203125
787,6075.2744140625
788,6034.689453125
789,5993.619140625
790,5951.6943359375
791,5910.0947265625
792,5865.8359375
793,5826.80908203125
794,5786.1669921875
795,5744.0693359375
796,5701.60595703125
797,5658.9833984375
798,5616.998046875
799,5576.8037109375
800,5534.9736328125
801,5493.01953125
802,5455.2822265625
803,5417.533203125
804,5378.6083984375
805,5338.978515625
806,5299.3330078125
807,5262.6630859375
808,5226.7900390625
809,5190.56103515625
810,5154.50341796875
811,5117.263671875
812,5080.2734375
813,5043.45263671875
814,5008.4560546875
815,4974.5283203125
816,4940.265625
817,4905.67724609375
818,4870.90625
819,4836.0908203125
820,4801.5595703125
821,4768.5625
822,4735.765625
823,4702.48828125
824,4669.630859375
825,4637.41796875
826,4605.35546875
827,4573.23828125
828,4541.0546875
829,4513.86767578125
830,4480.0576171875
831,4450.8974609375
832,4421.5029296875
833,4391.6748046875
834,4361.388671875
835,4330.63134765625
836,4300.0595703125
837,4269.51171875
838,4244.1474609375
839,4211.05859375
840,4182.74365234375
841,4154.30078125
842,4125.79052734375
843,4097.14111328125
844,4068.333984375
845,4045.57421875
846,4013.130859375
847,3986.4638671875
848,3959.474609375
849,3932.00830078125
850,3904.23876953125
851,3880.58056640625
852,3850.77587890625
853,3824.895751953125
854,3798.69140625
855,3772.20947265625
856,3747.44580078125
857,3723.322021484375
858,3699.60888671875
859,3675.2509765625
860,3649.93798828125
861,3625.33056640625
862,3601.40869140625
863,3577.789794921875
864,3557.794921875
865,3532.3955078125
866,3514.6044921875
867,3494.967529296875
868,3472.0302734375
869,3446.25830078125
870,3425.57666015625
871,3406.039794921875
872,3381.176513671875
873,3360.05908203125
874,3341.4150390625
875,3320.074462890625
876,3296.47705078125
877,3274.912109375
878,3255.018310546875
879,3233.24462890625
880,3213.89453125
881,3192.8349609375
882,3173.115478515625
883,3151.6875
884,3132.517822265625
885,3114.523193359375
886,3095.7333984375
887,3074.654541015625
888,3059.1015625
889,3040.623046875
890,3017.538330078125
891,3005.074951171875
892,2989.71826171875
893,2971.22802734375
894,2949.9189453125
895,2926.95068359375
896,2916.40576171875
897,2902.15625
898,2881.485107421875
899,2855.7626953125
900,2844.74755859375
901,2832.56591796875
902,2817.23486328125
903,2798.74658203125
904,2777.48388671875
905,2754.978515625
906,2740.858154296875
907,2728.970703125
908,2710.85498046875
909,2687.48291015625
910,2674.7451171875
911,2663.136962890625
912,2648.6611328125
913,2631.1328125
914,2611.154296875
915,2589.908203125
916,2581.0
917,2568.916015625
918,2550.67431640625
919,2527.711669921875
920,2510.00439453125
921,2498.052001953125
922,2483.248046875
923,2465.32763671875
924,2445.052490234375
925,2428.19921875
926,2415.057373046875
927,2397.56689453125
928,2378.56298828125
929,2364.35400390625
930,2348.203369140625
931,2330.67138671875
932,2315.39501953125
933,2300.38720703125
934,2285.014892578125
935,2269.44287109375
936,2255.11376953125
937,2238.5625
938,2226.47705078125
939,2212.70654296875
940,2197.170166015625
941,2179.91845703125
942,2167.26123046875
943,2153.69091796875
944,2136.113037109375
945,2123.436279296875
946,2111.30859375
947,2097.182373046875
948,2081.224853515625
949,2064.076904296875
950,2054.6943359375
951,2042.784423828125
952,2026.28271484375
953,2008.4520263671875
954,1996.656982421875
955,1983.4384765625
956,1968.555419921875
957,1954.5904541015625
958,1941.5440673828125
959,1927.684814453125
960,1914.90087890625
961,1900.73779296875
962,1890.3671875
963,1877.2318115234375
964,1861.9227294921875
965,1849.76513671875
966,1836.320068359375
967,1825.9620361328125
968,1812.93017578125
969,1799.344482421875
970,1787.76806640625
971,1774.6734619140625
972,1763.35595703125
973,1750.998291015625
974,1738.4805908203125
975,1727.2200927734375
976,1714.58203125
977,1703.4169921875
978,1691.2547607421875
979,1679.938720703125
980,1669.2431640625
981,1657.22705078125
982,1644.3890380859375
983,1636.695556640625
984,1625.798095703125
985,1611.388916015625
986,1602.6861572265625
987,1594.10888671875
988,1583.327880859375
989,1570.500732421875
990,1556.7216796875
991,1550.843017578125
992,1542.4781494140625
993,1529.46533203125
994,1514.783447265625
995,1506.462646484375
996,1496.81298828125
997,1485.86181640625
998,1473.96826171875
999,1467.890380859375
1000,1459.135009765625
1001,1446.99365234375
1002,1435.503173828125
1003,1427.44287109375
1004,1418.0947265625
1005,1407.528076171875
1006,1396.115234375
1007,1390.47216796875
1008,1382.16064453125
1009,1370.5478515625
1010,1359.7244873046875
1011,1352.1986083984375
1012,1343.436767578125
1013,1333.5574951171875
1014,1322.78759765625
1015,1316.0458984375
1016,1307.96923828125
1017,1296.959228515625
1018,1288.23193359375
1019,1281.16650390625
1020,1272.7093505859375
1021,1263.256103515625
1022,1252.9556884765625
1023,1245.22607421875
1024,1237.532958984375
1025,1226.98193359375
1026,1220.067138671875
1027,1213.228759765625
1028,1205.25634765625
1029,1196.2430419921875
1030,1186.50146484375
1031,1177.537109375
1032,1170.143798828125
1033,1160.5511474609375
1034,1152.2777099609375
1035,1143.641845703125
1036,1134.8111572265625
1037,1126.6429443359375
1038,1118.238525390625
1039,1109.34326171875
1040,1101.87744140625
1041,1092.6370849609375
1042,1085.1993408203125
1043,1077.7249755859375
1044,1069.384765625
1045,1060.384033203125
1046,1050.79736328125
1047,1045.9161376953125
1048,1038.3697509765625
1049,1028.1170654296875
1050,1019.6475830078125
1051,1013.207275390625
1052,1005.9046630859375
1053,997.67138671875
1054,988.910888671875
1055,979.9818115234375
1056,973.7325439453125
1057,966.7352905273438
1058,956.96240234375
1059,950.6583862304688
1060,944.597412109375
1061,937.9127197265625
1062,930.4669799804688
1063,922.525390625
1064,914.283447265625
1065,906.0272216796875
1066,899.8507080078125
1067,893.3460693359375
1068,884.181396484375
1069,877.5384521484375
1070,870.689208984375
1071,863.5867919921875
1072,856.276123046875
1073,851.2275390625
1074,843.7186279296875
1075,836.64794921875
1076,830.754638671875
1077,824.365966796875
1078,817.4161987304688
1079,810.1805419921875
1080,804.6215209960938
1081,798.4661865234375
1082,790.582763671875
1083,784.611328125
1084,778.2816162109375
1085,772.042236328125
1086,765.8182373046875
1087,759.710693359375
1088,753.5609130859375
1089,747.7412719726562
1090,741.8631591796875
1091,735.681884765625
1092,730.22314453125
1093,723.7410888671875
1094,717.9317016601562
1095,712.8385009765625
1096,706.65771484375
1097,701.126220703125
1098,695.343505859375
1099,690.0079345703125
1100,684.1810302734375
1101,678.66015625
1102,673.1822509765625
1103,668.0020751953125
1104,662.7839965820312
1105,657.2752685546875
1106,651.8163452148438
1107,646.4930419921875
1108,641.2723388671875
1109,636.2900390625
1110,631.0624389648438
1111,626.0617065429688
1112,620.7890625
1113,616.263671875
1114,610.632080078125
1115,605.6820068359375
1116,601.359375
1117,596.0797729492188
1118,591.3197021484375
1119,586.3875122070312
1120,582.038818359375
1121,576.771484375
1122,572.1064453125
1123,567.8346557617188
1124,562.9656372070312
1125,558.4373779296875
1126,553.760986328125
1127,549.610107421875
1128,544.6185302734375
1129,540.181396484375
1130,536.2460327148438
1131,531.4971923828125
1132,527.1961059570312
1133,522.6974487304688
1134,518.5835571289062
1135,513.9306640625
1136,509.7061767578125
1137,505.3011169433594
1138,501.14813232421875
1139,496.867431640625
1140,492.73272705078125
1141,488.55413818359375
1142,484.275146484375
1143,480.3099365234375
1144,476.049560546875
1145,472.1195068359375
1146,467.9698486328125
1147,463.6646728515625
1148,459.40985107421875
1149,455.14910888671875
1150,450.87835693359375
1151,446.6722412109375
1152,442.4215087890625
1153,438.29254150390625
1154,434.1217346191406
1155,429.9959716796875
1156,425.8241271972656
1157,421.7358093261719
1158,417.66534423828125
1159,413.5939025878906
1160,409.59307861328125
1161,405.60614013671875
1162,401.6537170410156
1163,397.78228759765625
1164,393.8984375
1165,390.0693359375
1166,386.2551574707031
1167,382.4693298339844
1168,378.7152404785156
1169,375.0393981933594
1170,371.6253662109375
1171,368.268798828125
1172,364.892578125
1173,361.5494384765625
1174,358.2425537109375
1175,354.926025390625
1176,351.64581298828125
1177,348.396484375
1178,345.18316650390625
1179,341.97149658203125
1180,338.82733154296875
1181,335.6627197265625
1182,332.5358581542969
1183,329.4603271484375
1184,326.3515319824219
1185,323.2993469238281
1186,320.29443359375
1187,317.28863525390625
1188,314.33380126953125
1189,311.36376953125
1190,308.4420166015625
1191,305.52239990234375
1192,302.6482849121094
1193,299.82220458984375
1194,296.98626708984375
1195,294.22003173828125
1196,291.4306335449219
1197,288.68035888671875
1198,285.9500732421875
1199,283.2740173339844
1200,280.6021728515625
1201,277.95941162109375
1202,275.3221435546875
1203,272.704833984375
1204,270.148193359375
1205,267.59906005859375
1206,265.04302978515625
1207,262.55804443359375
1208,260.05181884765625
1209,257.61492919921875
1210,255.21176147460938
1211,252.79791259765625
1212,250.42294311523438
1213,248.0103302001953
1214,245.67886352539062
1215,243.35015869140625
1216,241.0204315185547
1217,238.78749084472656
1218,236.4875030517578
1219,234.24417114257812
1220,232.022705078125
1221,229.81961059570312
1222,227.63674926757812
1223,225.49212646484375
1224,223.32907104492188
1225,221.19720458984375
1226,219.11016845703125
1227,217.0189971923828
1228,214.9781951904297
1229,212.91542053222656
1230,210.882568359375
1231,208.8625030517578
1232,206.89755249023438
1233,204.92974853515625
1234,202.92489624023438
1235,201.00485229492188
1236,199.08642578125
1237,197.19105529785156
1238,195.28964233398438
1239,193.41928100585938
1240,191.55775451660156
1241,189.71499633789062
1242,187.94708251953125
1243,186.10305786132812
1244,184.31117248535156
1245,182.53933715820312
1246,180.8915557861328
1247,179.10105895996094
1248,177.4534912109375
1249,175.81365966796875
1250,174.192626953125
1251,172.51226806640625
1252,170.84091186523438
1253,169.15525817871094
1254,167.48175048828125
1255,165.85049438476562
1256,164.25057983398438
1257,162.6708526611328
1258,161.19847106933594
1259,159.58163452148438
1260,158.03941345214844
1261,156.54476928710938
1262,155.04026794433594
1263,153.5841064453125
1264,152.12353515625
1265,150.66445922851562
1266,149.19403076171875
1267,147.7420654296875
1268,146.30087280273438
1269,144.87548828125
1270,143.47744750976562
1271,142.07073974609375
1272,140.70098876953125
1273,139.3505096435547
1274,137.99183654785156
1275,136.66213989257812
1276,135.2750701904297
1277,133.96054077148438
1278,132.6243896484375
1279,131.33804321289062
1280,130.02841186523438
1281,128.77236938476562
1282,127.48320770263672
1283,126.25151062011719
1284,124.992431640625
1285,123.77609252929688
1286,122.58183288574219
1287,121.43148803710938
1288,120.26307678222656
1289,119.09562683105469
1290,117.8930435180664
1291,116.68089294433594
1292,115.5145263671875
1293,114.33943176269531
1294,113.20864868164062
1295,112.1138916015625
1296,111.01199340820312
1297,109.9240493774414
1298,108.85504150390625
1299,107.75770568847656
1300,106.68162536621094
1301,105.65670013427734
1302,104.65330505371094
1303,103.66380310058594
1304,102.65453338623047
1305,101.6209945678711
1306,100.59689331054688
1307,99.61469268798828
1308,98.60719299316406
1309,97.63380432128906
1310,96.65003967285156
1311,95.67575073242188
1312,94.69641876220703
1313,93.7210693359375
1314,92.78807067871094
1315,92.01351928710938
1316,90.95220947265625
1317,90.10041809082031
1318,89.24720001220703
1319,88.37199401855469
1320,87.4793472290039
1321,86.58889770507812
1322,85.69798278808594
1323,84.85224914550781
1324,84.01612091064453
1325,83.21736145019531
1326,82.39958190917969
1327,81.5768814086914
1328,80.758544921875
1329,79.99014282226562
1330,79.21522521972656
1331,78.45245361328125
1332,77.7077865600586
1333,76.94032287597656
1334,76.15281677246094
1335,75.35879516601562
1336,74.75939178466797
1337,73.97293853759766
1338,73.23345184326172
1339,72.61616516113281
1340,71.94766235351562
1341,71.22532653808594
1342,70.4673843383789
1343,69.69148254394531
1344,69.27201080322266
1345,68.63719940185547
1346,67.75331115722656
1347,67.1314468383789
1348,66.5986557006836
1349,66.0135726928711
1350,65.37762451171875
1351,64.67496490478516
1352,63.95469284057617
1353,63.297935485839844
1354,62.80427932739258
1355,62.185455322265625
1356,61.48304748535156
1357,60.92871856689453
1358,60.370201110839844
1359,59.80622482299805
1360,59.203819274902344
1361,58.52955627441406
1362,58.04970932006836
1363,57.54105758666992
1364,56.82889938354492
1365,56.410552978515625
1366,55.99793243408203
1367,55.46930694580078
1368,54.86026382446289
1369,54.275352478027344
1370,53.794151306152344
1371,53.362709045410156
1372,52.75831985473633
1373,52.35755920410156
1374,51.96905517578125
1375,51.525848388671875
1376,51.03443145751953
1377,50.49285888671875
1378,49.92167663574219
1379,49.60758972167969
1380,49.21979522705078
1381,48.74081802368164
1382,48.134559631347656
1383,47.82787322998047
1384,47.51679992675781
1385,47.042991638183594
1386,46.49176788330078
1387,45.95222473144531
1388,45.60272979736328
1389,45.15339660644531
1390,44.772666931152344
1391,44.41566467285156
1392,43.99462127685547
1393,43.56303405761719
1394,43.16731262207031
1395,42.785667419433594
1396,42.363983154296875
1397,41.98567199707031
1398,41.585262298583984
1399,41.23081970214844
1400,40.85762023925781
1401,40.45977783203125
1402,40.1075439453125
1403,39.713470458984375
1404,39.401336669921875
1405,39.05965805053711
1406,38.657875061035156
1407,38.33512878417969
1408,38.00577926635742
1409,37.60396957397461
1410,37.171226501464844
1411,36.930824279785156
1412,36.62562561035156
1413,36.21690368652344
1414,35.73423385620117
1415,35.42889404296875
1416,35.08066177368164
1417,34.720794677734375
1418,34.391197204589844
1419,34.041099548339844
1420,33.704429626464844
1421,33.39257049560547
1422,33.05970764160156
1423,32.711097717285156
1424,32.383785247802734
1425,32.04423904418945
1426,31.744098663330078
1427,31.448219299316406
1428,31.136924743652344
1429,30.79814910888672
1430,30.45067596435547
1431,30.139720916748047
1432,29.879528045654297
1433,29.5985164642334
1434,29.287046432495117
1435,28.959491729736328
1436,28.699031829833984
1437,28.40898895263672
1438,28.07451629638672
1439,27.812055587768555
1440,27.511106491088867
1441,27.24651336669922
1442,26.94784164428711
1443,26.707950592041016
1444,26.45667266845703
1445,26.17580795288086
1446,25.87504768371582
1447,25.648509979248047
1448,25.383852005004883
1449,25.06975555419922
1450,24.868011474609375
1451,24.66150665283203
1452,24.41360855102539
1453,24.142837524414062
1454,23.85392951965332
1455,23.587738037109375
1456,23.36859130859375
1457,23.088077545166016
1458,22.86412811279297
1459,22.624347686767578
1460,22.412147521972656
1461,22.15103530883789
1462,21.96163558959961
1463,21.754459381103516
1464,21.53004264831543
1465,21.28961181640625
1466,21.038408279418945
1467,20.868682861328125
1468,20.678388595581055
1469,20.4116153717041
1470,20.19220542907715
1471,20.014911651611328
1472,19.817203521728516
1473,19.587770462036133
1474,19.35447883605957
1475,19.19561767578125
1476,19.015329360961914
1477,18.781606674194336
1478,18.56957244873047
1479,18.402210235595703
1480,18.218915939331055
1481,18.010419845581055
1482,17.797531127929688
1483,17.655303955078125
1484,17.48956298828125
1485,17.267555236816406
1486,17.07505226135254
1487,16.923677444458008
1488,16.764690399169922
1489,16.569799423217773
1490,16.36777687072754
1491,16.1995792388916
1492,16.049701690673828
1493,15.847434997558594
1494,15.707571029663086
1495,15.568831443786621
1496,15.40609073638916
1497,15.236083984375
1498,15.043827056884766
1499,14.884108543395996
1500,14.73527717590332
1501,14.552714347839355
1502,14.40432071685791
1503,14.246089935302734
1504,14.109977722167969
1505,13.965995788574219
1506,13.800923347473145
1507,13.671882629394531
1508,13.5216646194458
1509,13.375374794006348
1510,13.23957347869873
1511,13.097688674926758
1512,12.947400093078613
1513,12.80075740814209
1514,12.677583694458008
1515,12.542133331298828
1516,12.404232025146484
1517,12.294248580932617
1518,12.146345138549805
1519,12.031015396118164
1520,11.912879943847656
1521,11.782551765441895
1522,11.639848709106445
1523,11.526928901672363
1524,11.41322135925293
1525,11.267772674560547
1526,11.146018981933594
1527,11.022029876708984
1528,10.921756744384766
1529,10.796052932739258
1530,10.691943168640137
1531,10.590754508972168
1532,10.479552268981934
1533,10.346904754638672
1534,10.235822677612305
1535,10.124893188476562
1536,10.015031814575195
1537,9.907979011535645
1538,9.789589881896973
1539,9.71930980682373
1540,9.62246036529541
1541,9.499406814575195
1542,9.41512393951416
1543,9.323671340942383
1544,9.213982582092285
1545,9.112481117248535
1546,9.024917602539062
1547,8.938844680786133
1548,8.8316011428833
1549,8.747415542602539
1550,8.659406661987305
1551,8.554033279418945
1552,8.466474533081055
1553,8.380559921264648
1554,8.304549217224121
1555,8.216519355773926
1556,8.135848045349121
1557,8.058553695678711
1558,7.973540782928467
1559,7.87986946105957
1560,7.815021514892578
1561,7.740440368652344
1562,7.644751071929932
1563,7.571320533752441
1564,7.5027642250061035
1565,7.428243637084961
1566,7.338710784912109
1567,7.2578887939453125
1568,7.1847076416015625
1569,7.104576587677002
1570,7.028049468994141
1571,6.96033239364624
1572,6.8869428634643555
1573,6.813332557678223
1574,6.7516984939575195
1575,6.676244258880615
1576,6.6204352378845215
1577,6.555197715759277
1578,6.483551979064941
1579,6.408261299133301
1580,6.353913307189941
1581,6.289380073547363
1582,6.211869239807129
1583,6.156686782836914
1584,6.101381301879883
1585,6.044596195220947
1586,5.975877285003662
1587,5.902311325073242
1588,5.84002685546875
1589,5.785722255706787
1590,5.713726043701172
1591,5.653463363647461
1592,5.594156742095947
1593,5.544646739959717
1594,5.4774346351623535
1595,5.422286510467529
1596,5.372016429901123
1597,5.308685302734375
1598,5.255312919616699
1599,5.203995704650879
1600,5.14373254776001
1601,5.089799880981445
1602,5.0438151359558105
1603,4.984311103820801
1604,4.933696746826172
1605,4.884130477905273
1606,4.833062648773193
1607,4.783415794372559
1608,4.728691101074219
1609,4.686301231384277
1610,4.633946418762207
1611,4.587950229644775
1612,4.543980598449707
1613,4.497151851654053
1614,4.4439897537231445
1615,4.391855239868164
1616,4.359945297241211
1617,4.315995216369629
1618,4.256180763244629
1619,4.216554641723633
1620,4.17870569229126
1621,4.139891624450684
1622,4.089271545410156
1623,4.036916732788086
1624,3.992460250854492
1625,3.9534473419189453
1626,3.9043281078338623
1627,3.863004684448242
1628,3.8197546005249023
1629,3.781693458557129
1630,3.743640184402466
1631,3.7023837566375732
1632,3.6660027503967285
1633,3.6246604919433594
1634,3.588120698928833
1635,3.552323818206787
1636,3.5124969482421875
1637,3.470461845397949
1638,3.436704635620117
1639,3.4009757041931152
1640,3.36037540435791
1641,3.325312852859497
1642,3.286454439163208
1643,3.251347064971924
1644,3.2212471961975098
1645,3.1884689331054688
1646,3.1466662883758545
1647,3.1152119636535645
1648,3.0825443267822266
1649,3.0449118614196777
1650,3.0246942043304443
1651,2.9874744415283203
1652,2.9465575218200684
1653,2.9195258617401123
1654,2.883544683456421
1655,2.853555679321289
1656,2.829864501953125
1657,2.7965497970581055
1658,2.762617826461792
1659,2.733038902282715
1660,2.7016327381134033
1661,2.672680139541626
1662,2.650763511657715
1663,2.621274471282959
1664,2.5822596549987793
1665,2.5634281635284424
1666,2.5423989295959473
1667,2.515336513519287
1668,2.4839625358581543
1669,2.451972007751465
1670,2.4197964668273926
1671,2.399088144302368
1672,2.3671443462371826
1673,2.3397696018218994
1674,2.3160226345062256
1675,2.2906017303466797
1676,2.2657992839813232
1677,2.2415268421173096
1678,2.2169368267059326
1679,2.1927895545959473
1680,2.1684041023254395
1681,2.147202968597412
1682,2.1207759380340576
1683,2.094132900238037
1684,2.07792067527771
1685,2.05487060546875
1686,2.025872230529785
1687,2.00437331199646
1688,1.9847663640975952
1689,1.9615819454193115
1690,1.9423351287841797
1691,1.9201998710632324
1692,1.897042989730835
1693,1.8782310485839844
1694,1.8563427925109863
1695,1.8357536792755127
1696,1.813119888305664
1697,1.791369915008545
1698,1.772518515586853
1699,1.755206823348999
1700,1.7362819910049438
1701,1.7143534421920776
1702,1.6987051963806152
1703,1.6798992156982422
1704,1.6602919101715088
1705,1.641058325767517
1706,1.6218353509902954
1707,1.6021454334259033
1708,1.588976502418518
1709,1.5707393884658813
1710,1.5483341217041016
1711,1.5319623947143555
1712,1.5143022537231445
1713,1.4962992668151855
1714,1.4799973964691162
1715,1.4637136459350586
1716,1.446317434310913
1717,1.4314889907836914
1718,1.4151029586791992
1719,1.3992271423339844
1720,1.3828942775726318
1721,1.371080756187439
1722,1.3553175926208496
1723,1.3391270637512207
1724,1.3233156204223633
1725,1.307800054550171
1726,1.2925546169281006
1727,1.2776398658752441
1728,1.264308214187622
1729,1.249922752380371
1730,1.2352079153060913
1731,1.222920298576355
1732,1.2101829051971436
1733,1.1918132305145264
1734,1.1804611682891846
1735,1.1660313606262207
1736,1.1535181999206543
1737,1.1393688917160034
1738,1.1274127960205078
1739,1.1146372556686401
1740,1.1016833782196045
1741,1.0896692276000977
1742,1.0756313800811768
1743,1.0631847381591797
1744,1.0507385730743408
1745,1.0396569967269897
1746,1.0276163816452026
1747,1.0163389444351196
1748,1.0007543563842773
1749,0.9914982914924622
1750,0.9808655977249146
1751,0.9696695804595947
1752,0.9590756297111511
1753,0.9469825029373169
1754,0.9375903606414795
1755,0.925713300704956
1756,0.9155568480491638
1757,0.9054563641548157
1758,0.8950639367103577
1759,0.884466826915741
1760,0.8733837604522705
1761,0.8625544309616089
1762,0.8549032211303711
1763,0.8452903628349304
1764,0.8350951075553894
1765,0.8247056007385254
1766,0.8138918280601501
1767,0.806032657623291
1768,0.7969177961349487
1769,0.7877117991447449
1770,0.7784410715103149
1771,0.7689043283462524
1772,0.7609645128250122
1773,0.7524717450141907
1774,0.7419270873069763
1775,0.7331160306930542
1776,0.7257691621780396
1777,0.7168424725532532
1778,0.7097493410110474
1779,0.7007187008857727
1780,0.6910959482192993
1781,0.685131847858429
1782,0.6759021878242493
1783,0.6673497557640076
1784,0.6597204208374023
1785,0.6511425971984863
1786,0.6441254615783691
1787,0.6365582942962646
1788,0.6299158930778503
1789,0.622043788433075
1790,0.6150199174880981
1791,0.6082537174224854
1792,0.5997744798660278
1793,0.5939308404922485
1794,0.5858889222145081
1795,0.5798802375793457
1796,0.5737016201019287
1797,0.5662218332290649
1798,0.5599310398101807
1799,0.5531868934631348
1800,0.5459164381027222
1801,0.5384306907653809
1802,0.5336362719535828
1803,0.5274819135665894
1804,0.5206886529922485
1805,0.514401376247406
1806,0.5075584650039673
1807,0.5015908479690552
1808,0.4965246319770813
1809,0.49008581042289734
1810,0.4839560389518738
1811,0.4789762496948242
1812,0.473254919052124
1813,0.4661223590373993
1814,0.4608508050441742
1815,0.4557272791862488
1816,0.4503847360610962
1817,0.44466984272003174
1818,0.4388042986392975
1819,0.4339742958545685
1820,0.42960771918296814
1821,0.42416226863861084
1822,0.418603777885437
1823,0.413785457611084
1824,0.40883421897888184
1825,0.4040730893611908
1826,0.39909887313842773
1827,0.39636704325675964
1828,0.3896961212158203
1829,0.38482528924942017
1830,0.38064858317375183
1831,0.3755906820297241
1832,0.37194496393203735
1833,0.36653226613998413
1834,0.3615518808364868
1835,0.357999324798584
1836,0.35425055027008057
1837,0.34816861152648926
1838,0.34470635652542114
1839,0.34080779552459717
1840,0.33623653650283813
1841,0.33266669511795044
1842,0.3277069926261902
1843,0.3247748017311096
1844,0.321249783039093
1845,0.31714344024658203
1846,0.3133174777030945
1847,0.30886825919151306
1848,0.30508625507354736
1849,0.30050718784332275
1850,0.29880058765411377
1851,0.2957157492637634
1852,0.29017698764801025
1853,0.28734147548675537
1854,0.2838800549507141
1855,0.2803768515586853
1856,0.2769894003868103
1857,0.27409064769744873
1858,0.26977604627609253
1859,0.26826876401901245
1860,0.26388540863990784
1861,0.2595194876194
1862,0.2579842209815979
1863,0.2557181119918823
1864,0.25298821926116943
1865,0.24943393468856812
1866,0.24449095129966736
1867,0.24108296632766724
1868,0.2400798797607422
1869,0.23762959241867065
1870,0.23282986879348755
1871,0.22965672612190247
1872,0.22751104831695557
1873,0.2255982756614685
1874,0.22238808870315552
1875,0.21934056282043457
1876,0.2157713770866394
1877,0.21402746438980103
1878,0.21189814805984497
1879,0.20905685424804688
1880,0.20532971620559692
1881,0.20300114154815674
1882,0.20052257180213928
1883,0.19747105240821838
1884,0.1953432559967041
1885,0.19274312257766724
1886,0.19057559967041016
1887,0.18839485943317413
1888,0.18640917539596558
1889,0.18332375586032867
1890,0.18102490901947021
1891,0.17905201017856598
1892,0.17680883407592773
1893,0.17446503043174744
1894,0.1725974977016449
1895,0.16965408623218536
1896,0.16795815527439117
1897,0.16642732918262482
1898,0.16367025673389435
1899,0.16180701553821564
1900,0.15985208749771118
1901,0.1573147177696228
1902,0.15551592409610748
1903,0.15418601036071777
1904,0.15173043310642242
1905,0.15029975771903992
1906,0.14832402765750885
1907,0.146547332406044
1908,0.14401544630527496
1909,0.14243699610233307
1910,0.14114686846733093
1911,0.1389116793870926
1912,0.13728907704353333
1913,0.13540048897266388
1914,0.13297785818576813
1915,0.13189800083637238
1916,0.13064059615135193
1917,0.12877680361270905
1918,0.12712223827838898
1919,0.12557560205459595
1920,0.12310115247964859
1921,0.12217022478580475
1922,0.1208970695734024
1923,0.11940069496631622
1924,0.11772457510232925
1925,0.11626145988702774
1926,0.11454976350069046
1927,0.11290289461612701
1928,0.11207122355699539
1929,0.11030013859272003
1930,0.10873664915561676
1931,0.10762186348438263
1932,0.10560448467731476
1933,0.10484258085489273
1934,0.10330887138843536
1935,0.1018994003534317
1936,0.10067344456911087
1937,0.09904433786869049
1938,0.09829298406839371
1939,0.09686477482318878
1940,0.09560123831033707
1941,0.09420670568943024
1942,0.092983677983284
1943,0.09253890812397003
1944,0.09058798849582672
1945,0.08941181004047394
1946,0.0890541821718216
1947,0.08760989457368851
1948,0.08619479089975357
1949,0.0852738693356514
1950,0.08450794965028763
1951,0.08344132453203201
1952,0.08224383741617203
1953,0.08091653883457184
1954,0.0797705203294754
1955,0.07947764545679092
1956,0.07846245914697647
1957,0.07693774253129959
1958,0.07598388940095901
1959,0.0750899463891983
1960,0.07438007742166519
1961,0.07337971031665802
1962,0.07226069271564484
1963,0.07053030282258987
1964,0.06999129801988602
1965,0.06926555931568146
1966,0.06855018436908722
1967,0.06751544028520584
1968,0.06624414026737213
1969,0.06559140980243683
1970,0.06454898416996002
1971,0.06387815624475479
1972,0.06246854364871979
1973,0.062085725367069244
1974,0.06150425970554352
1975,0.06029612571001053
1976,0.05957843363285065
1977,0.05891186743974686
1978,0.0583440437912941
1979,0.05752340704202652
1980,0.056731000542640686
1981,0.05574936419725418
1982,0.055233731865882874
1983,0.05492152273654938
1984,0.05371810495853424
1985,0.05260618031024933
1986,0.0522664338350296
1987,0.051877088844776154
1988,0.05102861672639847
1989,0.04989505559206009
1990,0.04927285015583038
1991,0.04871971905231476
1992,0.04827816039323807
1993,0.0473959818482399
1994,0.04662121832370758
1995,0.046355195343494415
1996,0.04587177187204361
1997,0.04489821940660477
1998,0.044411614537239075
1999,0.04389230161905289
2000,0.04308093339204788
2001,0.042753592133522034
2002,0.042005755007267
2003,0.04169232398271561
2004,0.04104281961917877
2005,0.040414996445178986
2006,0.03987634927034378
2007,0.039424315094947815
2008,0.038819827139377594
2009,0.038392677903175354
2010,0.03766877204179764
2011,0.03721732646226883
2012,0.03688836842775345
2013,0.036778099834918976
2014,0.036041565239429474
2015,0.03552380949258804
2016,0.03482992202043533
2017,0.034115269780159
2018,0.0340016633272171
2019,0.03354651480913162
2020,0.033003367483615875
2021,0.032492414116859436
2022,0.03220520168542862
2023,0.03186984360218048
2024,0.031011715531349182
2025,0.030665412545204163
2026,0.030308857560157776
2027,0.029748477041721344
2028,0.029379501938819885
2029,0.029185600578784943
2030,0.02857334166765213
2031,0.028194859623908997
2032,0.02802688628435135
2033,0.027679242193698883
2034,0.02727217972278595
2035,0.02688596397638321
2036,0.026182658970355988
2037,0.025956109166145325
2038,0.02578694373369217
2039,0.025444306433200836
2040,0.025102868676185608
2041,0.0247543603181839
2042,0.02443794161081314
2043,0.024277426302433014
2044,0.023705437779426575
2045,0.023285523056983948
2046,0.02319977432489395
2047,0.02283330261707306
2048,0.022428110241889954
2049,0.02208227664232254
2050,0.02191968262195587
2051,0.021527782082557678
2052,0.02119232714176178
2053,0.021077409386634827
2054,0.020608380436897278
2055,0.02040518820285797
2056,0.020031489431858063
2057,0.020015016198158264
2058,0.019794002175331116
2059,0.019599035382270813
2060,0.019078560173511505
2061,0.018837228417396545
2062,0.018543489277362823
2063,0.0181792750954628
2064,0.01806635409593582
2065,0.017812885344028473
2066,0.01754138618707657
2067,0.017305202782154083
2068,0.01719353348016739
2069,0.01707715541124344
2070,0.016634419560432434
2071,0.016385987401008606
2072,0.01616664230823517
2073,0.01599220186471939
2074,0.015762165188789368
2075,0.015473142266273499
2076,0.015471018850803375
2077,0.015055909752845764
2078,0.014729268848896027
2079,0.014590397477149963
2080,0.014449670910835266
2081,0.014226332306861877
2082,0.014020808041095734
2083,0.013964846730232239
2084,0.013684645295143127
2085,0.013392753899097443
2086,0.01329360157251358
2087,0.013030841946601868
2088,0.012745894491672516
2089,0.012512065470218658
2090,0.012419894337654114
2091,0.01242835819721222
2092,0.01210976392030716
2093,0.012013353407382965
2094,0.011832311749458313
2095,0.011719897389411926
2096,0.01141156256198883
2097,0.011294431984424591
2098,0.01115657389163971
2099,0.010943181812763214
2100,0.010906167328357697
2101,0.010733380913734436
2102,0.010564155876636505
2103,0.010321512818336487
2104,0.010213211178779602
2105,0.010024681687355042
2106,0.009933486580848694
2107,0.009706743061542511
2108,0.009558774530887604
2109,0.009420670568943024
2110,0.009301997721195221
2111,0.009168758988380432
2112,0.009054400026798248
2113,0.008901096880435944
2114,0.00875873863697052
2115,0.008648909628391266
2116,0.008490867912769318
2117,0.008523084223270416
2118,0.008361414074897766
2119,0.008199885487556458
2120,0.008001819252967834
2121,0.007933452725410461
2122,0.007858999073505402
2123,0.007830746471881866
2124,0.0076952725648880005
2125,0.007469601929187775
2126,0.007415488362312317
2127,0.007444240152835846
2128,0.007308676838874817
2129,0.007084384560585022
2130,0.007055416703224182
2131,0.0070273056626319885
2132,0.006909646093845367
2133,0.006808049976825714
2134,0.006682351231575012
2135,0.006528571248054504
2136,0.006373293697834015
2137,0.006373681128025055
2138,0.0061360374093055725
2139,0.006229713559150696
2140,0.006109811365604401
2141,0.005950070917606354
2142,0.005885675549507141
2143,0.005755968391895294
2144,0.0056890398263931274
2145,0.005717583000659943
2146,0.005626454949378967
2147,0.005521990358829498
2148,0.005418494343757629
2149,0.005305327475070953
2150,0.00528041273355484
2151,0.005197770893573761
2152,0.005043216049671173
2153,0.005061455070972443
2154,0.004936352372169495
2155,0.004894144833087921
2156,0.0047887638211250305
2157,0.004737861454486847
2158,0.00476856529712677
2159,0.004661716520786285
2160,0.004574492573738098
2161,0.004447676241397858
2162,0.004470445215702057
2163,0.004326172173023224
2164,0.004156425595283508
2165,0.0041361004114151
2166,0.004057474434375763
2167,0.004019923508167267
2168,0.004043199121952057
2169,0.003985829651355743
2170,0.003920920193195343
2171,0.003875531256198883
2172,0.0037368685007095337
2173,0.003707386553287506
2174,0.0036958009004592896
2175,0.0035597458481788635
2176,0.003459520637989044
2177,0.003516450524330139
2178,0.003475084900856018
2179,0.0033954158425331116
2180,0.0033948570489883423
2181,0.0032912567257881165
2182,0.0031966716051101685
2183,0.003146238625049591
2184,0.0030958205461502075
2185,0.003115251660346985
2186,0.002963908016681671
2187,0.0029117539525032043
2188,0.0028844624757766724
2189,0.0028558149933815002
2190,0.0028330832719802856
2191,0.002786889672279358
2192,0.0027040019631385803
2193,0.002684570848941803
2194,0.002682998776435852
2195,0.0026177316904067993
2196,0.002578750252723694
2197,0.0024848058819770813
2198,0.002470649778842926
2199,0.0024497658014297485
2200,0.0024360567331314087
2201,0.002419091761112213
2202,0.0023853853344917297
2203,0.002420373260974884
2204,0.0023515895009040833
2205,0.002294965088367462
2206,0.0022620707750320435
2207,0.002255454659461975
2208,0.0022201314568519592
2209,0.0021987035870552063
2210,0.0021709874272346497
2211,0.002063967287540436
2212,0.002087131142616272
2213,0.0020736828446388245
2214,0.001997843384742737
2215,0.0019458681344985962
2216,0.001886613667011261
2217,0.0018078237771987915
2218,0.0018140748143196106
2219,0.001845426857471466
2220,0.0018092170357704163
2221,0.0017598941922187805
2222,0.0017210394144058228
2223,0.0017094388604164124
2224,0.0016355589032173157
2225,0.0016336590051651
2226,0.001623407006263733
2227,0.0015704706311225891
2228,0.001545920968055725
2229,0.0015343576669692993
2230,0.0014792755246162415
2231,0.0014687925577163696
2232,0.0014616325497627258
2233,0.0014196783304214478
2234,0.001387372612953186
2235,0.0013558939099311829
2236,0.0013672485947608948
2237,0.0013034120202064514
2238,0.0012792423367500305
2239,0.0012283697724342346
2240,0.0012000352144241333
2241,0.0011785700917243958
2242,0.0012169033288955688
2243,0.0011574774980545044
2244,0.0011814385652542114
2245,0.0011431053280830383
2246,0.001155950129032135
2247,0.0010885745286941528
2248,0.0010706856846809387
2249,0.0010494142770767212
2250,0.0010600462555885315
2251,0.0010743290185928345
2252,0.0010460764169692993
2253,0.0010168105363845825
2254,0.0010129958391189575
2255,0.0010259822010993958
2256,0.000988401472568512
