,g_loss,d_loss
0,0.744253933429718,0.7311140298843384
1,0.8638713359832764,0.6528828740119934
2,0.8956493735313416,0.6292921304702759
3,0.7879213094711304,0.6792439222335815
4,0.9218157529830933,0.6538439989089966
5,1.13375723361969,0.6908225417137146
6,1.275672197341919,0.5167330503463745
7,1.473624587059021,0.2979300916194916
8,1.6632580757141113,0.48441821336746216
9,1.1615228652954102,0.4581132233142853
10,1.785341501235962,0.4035876989364624
11,2.0083909034729004,0.22431199252605438
12,3.4331717491149902,0.368434339761734
13,3.8675544261932373,0.7608551979064941
14,1.3976815938949585,0.27903684973716736
15,4.032360076904297,0.5702140927314758
16,3.1698789596557617,0.25038090348243713
17,1.966639757156372,0.3321567475795746
18,2.191124439239502,0.28533318638801575
19,2.2761073112487793,0.655137836933136
20,1.7946540117263794,0.33964264392852783
21,1.8472058773040771,0.28658485412597656
22,1.800098180770874,0.2690369784832001
23,2.6926827430725098,0.3207266628742218
24,2.7767817974090576,0.38164767622947693
25,1.4225118160247803,0.3199928104877472
26,1.4729499816894531,0.41739368438720703
27,2.2969534397125244,0.38258397579193115
28,1.8576664924621582,0.3170664310455322
29,2.401226758956909,0.23370200395584106
30,1.9160873889923096,0.27939045429229736
31,1.3575445413589478,0.30503907799720764
32,2.8886637687683105,0.2914752662181854
33,4.436015605926514,0.29666367173194885
34,5.34501314163208,0.3844093978404999
35,2.6856002807617188,0.22977925837039948
36,1.1682229042053223,0.3772162199020386
37,2.328988552093506,0.27754107117652893
38,3.1365160942077637,0.33454716205596924
39,2.1990573406219482,0.42696329951286316
40,1.7882187366485596,0.3758433759212494
41,1.6503205299377441,0.35704442858695984
42,2.592428684234619,0.32371842861175537
43,1.880867600440979,0.4070124328136444
44,2.3281919956207275,0.23863454163074493
45,1.9671815633773804,0.21700842678546906
46,2.3939967155456543,0.32120904326438904
47,3.488140344619751,0.33830493688583374
48,2.8896946907043457,0.39737316966056824
49,1.6754441261291504,0.4613264799118042
50,1.93427312374115,0.41786304116249084
51,3.2118358612060547,0.37069034576416016
52,0.7812299728393555,0.6036757826805115
53,1.628513216972351,0.41196736693382263
54,1.2586560249328613,0.5126205682754517
55,1.91693115234375,0.43733519315719604
56,1.5084185600280762,0.3852163553237915
57,1.258509635925293,0.5151216983795166
58,1.5068912506103516,0.3497738242149353
59,1.372562050819397,0.4276389181613922
60,0.9423248767852783,0.6134094595909119
61,1.665482997894287,0.49176204204559326
62,1.0004717111587524,0.459040105342865
63,1.141918420791626,0.43427637219429016
64,1.3179831504821777,0.4879896640777588
65,1.8685619831085205,0.5219088196754456
66,1.2832751274108887,0.43123340606689453
67,2.519085645675659,0.42825618386268616
68,1.9058802127838135,0.32872381806373596
69,2.205625534057617,0.5183284282684326
70,2.249203681945801,0.45939043164253235
71,2.3733322620391846,0.6439642906188965
72,1.9528484344482422,0.5752959847450256
73,1.2183610200881958,0.4783405661582947
74,1.8724690675735474,0.4409828782081604
75,1.2886970043182373,0.546052873134613
76,1.384232521057129,0.5176361203193665
77,1.3146849870681763,0.5216423273086548
78,1.1747856140136719,0.5643805265426636
79,1.574660062789917,0.5127951502799988
80,1.4509892463684082,0.5916043519973755
81,0.589370846748352,0.6061463952064514
82,2.0583367347717285,0.5418731570243835
83,1.3704835176467896,0.5505848526954651
84,1.5436583757400513,0.5441887378692627
85,1.2451035976409912,0.5545616745948792
86,1.6278642416000366,0.5026575326919556
87,1.16219162940979,0.5389796495437622
88,0.9701715111732483,0.5263694524765015
89,1.1057952642440796,0.5787046551704407
90,1.5108178853988647,0.5144267082214355
91,0.8260676860809326,0.5173924565315247
92,0.8092949390411377,0.6464706063270569
93,1.26979660987854,0.5335686206817627
94,0.5529965758323669,0.7302849888801575
95,1.3922256231307983,0.5029059648513794
96,1.155623197555542,0.546413242816925
97,1.9048078060150146,0.5808668732643127
98,1.0688360929489136,0.5840672850608826
99,0.9470720291137695,0.7093384265899658
100,0.9134531617164612,0.572648823261261
101,0.6313318014144897,0.615734338760376
102,1.1705913543701172,0.5693536400794983
103,1.1025769710540771,0.5560939311981201
104,1.3465832471847534,0.5790787935256958
105,1.0776269435882568,0.5406967997550964
106,0.9062103033065796,0.581058919429779
107,0.9729739427566528,0.5883477926254272
108,1.5024337768554688,0.5744865536689758
109,0.40664857625961304,0.7320012450218201
110,0.7816476225852966,0.5784041881561279
111,0.9058877229690552,0.5806393027305603
112,0.969220757484436,0.5499982237815857
113,0.9235243201255798,0.5271689295768738
114,0.9088879823684692,0.5602473020553589
115,0.8443516492843628,0.6000198125839233
116,1.011664867401123,0.619921088218689
117,1.1500709056854248,0.5084467530250549
118,1.4812204837799072,0.6366750597953796
119,0.704316258430481,0.5605678558349609
120,0.7406259179115295,0.61940997838974
121,1.3786485195159912,0.620486855506897
122,0.9754712581634521,0.5810832977294922
123,1.1037694215774536,0.5358933806419373
124,1.1254018545150757,0.5667809247970581
125,1.1862632036209106,0.6544033885002136
126,0.7562004327774048,0.6162012815475464
127,0.717050313949585,0.5958949327468872
128,1.2371375560760498,0.6818943023681641
129,1.1849068403244019,0.5956007838249207
130,1.1931074857711792,0.5800248384475708
131,0.8223761320114136,0.5836378335952759
132,1.1247413158416748,0.5882910490036011
133,0.9980170130729675,0.6005286574363708
134,0.9428245425224304,0.6331661939620972
135,0.843222975730896,0.5762242674827576
136,1.2951444387435913,0.6016722321510315
137,0.9716569185256958,0.5863228440284729
138,1.3255202770233154,0.5376996994018555
139,1.229291319847107,0.6357323527336121
140,1.0869988203048706,0.5770149230957031
141,1.273240566253662,0.601712167263031
142,0.9532707333564758,0.5641156435012817
143,1.2109649181365967,0.637588381767273
144,0.8627368211746216,0.6024813055992126
145,1.0845305919647217,0.5569345951080322
146,0.6337116956710815,0.6505033373832703
147,0.8920131325721741,0.6001901030540466
148,0.7922387719154358,0.631510317325592
149,1.0905554294586182,0.5719459652900696
150,0.461631715297699,0.7768695950508118
151,1.0844255685806274,0.5837382674217224
152,1.1117609739303589,0.583714485168457
153,1.0510201454162598,0.5971347093582153
154,0.932405412197113,0.5924199223518372
155,0.915572464466095,0.5831573605537415
156,0.7472156286239624,0.6062403321266174
157,0.7692849040031433,0.6445337533950806
158,0.8630881905555725,0.5672497749328613
159,0.9921969175338745,0.5952150225639343
160,1.0879833698272705,0.6186687350273132
161,0.9000915288925171,0.5977298021316528
162,0.6545376777648926,0.6731134057044983
163,1.381458044052124,0.6450948119163513
164,0.9222429990768433,0.5676127076148987
165,0.9809051156044006,0.5994653105735779
166,0.9235649108886719,0.599757730960846
167,0.9688148498535156,0.6171825528144836
168,0.7492080926895142,0.6158683896064758
169,0.8486979603767395,0.6281550526618958
170,0.9644978046417236,0.6100062131881714
171,1.129895806312561,0.6642686128616333
172,1.1497201919555664,0.6250805258750916
173,0.7515432834625244,0.5951946377754211
174,0.9547497034072876,0.6664931774139404
175,0.9602383971214294,0.5578501224517822
176,0.9912735223770142,0.673199474811554
177,0.7360721230506897,0.6804477572441101
178,0.8455582857131958,0.6255436539649963
179,0.7545076012611389,0.6355817914009094
180,0.832097589969635,0.6293298602104187
181,1.2265268564224243,0.6171708703041077
182,1.244975209236145,0.6405251026153564
183,1.008323073387146,0.5958160161972046
184,0.8178010582923889,0.5882062911987305
185,1.213889718055725,0.6552078127861023
186,0.7205146551132202,0.591184675693512
187,0.5720997452735901,0.6062279939651489
188,0.9772165417671204,0.5962701439857483
189,0.8463621735572815,0.6345013380050659
190,0.9205912351608276,0.6466288566589355
191,0.807688295841217,0.6188875436782837
192,0.8520053625106812,0.6064612865447998
193,1.0411231517791748,0.625083863735199
194,0.743390679359436,0.6020163297653198
195,0.8458269834518433,0.6203609108924866
196,1.1308075189590454,0.5874278545379639
197,1.077960729598999,0.6315975785255432
198,0.8708289861679077,0.6314159631729126
199,1.2365975379943848,0.682522714138031
200,0.8646298050880432,0.6030294299125671
201,1.3698644638061523,0.6355955004692078
202,0.8664569854736328,0.611181914806366
203,0.8929223418235779,0.6118146181106567
204,0.9205946922302246,0.6119092702865601
205,1.014610767364502,0.5764318108558655
206,0.8306071162223816,0.6228496432304382
207,1.029012680053711,0.636195719242096
208,0.9474467039108276,0.6747211813926697
209,1.0451545715332031,0.6273478269577026
210,0.9292844533920288,0.5791612863540649
211,0.9027853012084961,0.6263614892959595
212,1.067275047302246,0.578720211982727
213,0.7575412392616272,0.6543941497802734
214,0.8726465702056885,0.5879970788955688
215,0.8843438029289246,0.6301310658454895
216,0.897271990776062,0.6205360889434814
217,0.8256741166114807,0.674655556678772
218,0.8471421003341675,0.6620965003967285
219,0.7060467004776001,0.6637061834335327
220,0.7447706460952759,0.6093101501464844
221,0.7665894031524658,0.6489300727844238
222,1.2573693990707397,0.6665905117988586
223,0.7987112402915955,0.5993512868881226
224,1.083272933959961,0.5764113664627075
225,1.0155270099639893,0.6029896140098572
226,0.6907628774642944,0.657977819442749
227,0.913966178894043,0.585575520992279
228,0.6914113163948059,0.6341832280158997
229,1.0377271175384521,0.6248891949653625
230,1.1882535219192505,0.624045729637146
231,0.8423382639884949,0.6244957447052002
232,1.3209251165390015,0.6442427039146423
233,0.6698485612869263,0.6020862460136414
234,0.8918616771697998,0.6874336004257202
235,0.6758530139923096,0.5845532417297363
236,1.0566291809082031,0.6002498269081116
237,0.7663111686706543,0.5986228585243225
238,0.5459563136100769,0.6535427570343018
239,0.9781253337860107,0.6364718079566956
240,0.7457931637763977,0.626030445098877
241,0.9371312260627747,0.6191827654838562
242,0.7497855424880981,0.5863839387893677
243,0.8773378729820251,0.5966493487358093
244,0.8694918751716614,0.6325921416282654
245,1.113768458366394,0.6208019256591797
246,0.8860318064689636,0.5958366990089417
247,1.1245394945144653,0.6118733882904053
248,1.031556248664856,0.621219277381897
249,0.8279507160186768,0.5739081501960754
250,0.7418287992477417,0.6335957646369934
251,1.0571986436843872,0.5798208713531494
252,1.034554123878479,0.6382443308830261
253,1.0389422178268433,0.6061775088310242
254,0.6652414202690125,0.5893115401268005
255,0.8081099390983582,0.610698938369751
256,0.7406976222991943,0.6240061521530151
257,0.8024832010269165,0.6183475255966187
258,0.8444678783416748,0.5682829022407532
259,1.1311663389205933,0.5819360017776489
260,0.9589948654174805,0.6078205704689026
261,1.032098412513733,0.6109713912010193
262,1.0765751600265503,0.5810973048210144
263,0.8588199615478516,0.5979549884796143
264,0.7188357710838318,0.6119425892829895
265,0.8353216648101807,0.5949685573577881
266,0.9044269919395447,0.6228564977645874
267,0.7272608876228333,0.6037447452545166
268,0.8855962157249451,0.5900543332099915
269,1.3988721370697021,0.6710702180862427
270,0.9371817111968994,0.6035640239715576
271,0.7891231179237366,0.6273106336593628
272,0.936294674873352,0.5960871577262878
273,0.7920388579368591,0.6141839027404785
274,1.51962149143219,0.6374785900115967
275,1.3501288890838623,0.6403674483299255
276,1.324605107307434,0.6577906608581543
277,0.6491804718971252,0.604853630065918
278,0.8398061990737915,0.6142914295196533
279,0.8081502318382263,0.6466919779777527
280,0.7570438981056213,0.6120612025260925
281,0.8967435956001282,0.6104976534843445
282,0.9850011467933655,0.6536278128623962
283,0.8646030426025391,0.6108226180076599
284,1.057934045791626,0.5600504875183105
285,0.8997392654418945,0.6349037885665894
286,0.8755630254745483,0.5811923146247864
287,0.9066197872161865,0.6247528195381165
288,0.9524840712547302,0.603550136089325
289,1.029873251914978,0.580970287322998
290,1.0934653282165527,0.640375554561615
291,0.97463458776474,0.6291197538375854
292,0.9630427360534668,0.6171333193778992
293,0.9883896708488464,0.6408292055130005
294,0.6633256077766418,0.5937098860740662
295,0.9699516296386719,0.5985010266304016
296,1.0733721256256104,0.6122591495513916
297,0.9538651704788208,0.6172305345535278
298,0.832446277141571,0.5924274921417236
299,0.8275115489959717,0.6712107062339783
300,0.8719326257705688,0.6549732685089111
301,1.173240065574646,0.6593420505523682
302,0.9223299026489258,0.6157504320144653
303,0.9616076946258545,0.5469779968261719
304,0.8808937668800354,0.6314347982406616
305,1.0431698560714722,0.6057251691818237
306,1.037284255027771,0.6610386371612549
307,0.9340153336524963,0.5968945026397705
308,0.5837644338607788,0.6465133428573608
309,0.9258708357810974,0.6045026779174805
310,0.8853617310523987,0.5675056576728821
311,0.8819666504859924,0.6401958465576172
312,1.1511881351470947,0.631266713142395
313,0.9306872487068176,0.5754892826080322
314,0.6431456804275513,0.6004206538200378
315,1.4390771389007568,0.646270751953125
316,1.2918046712875366,0.7081364989280701
317,0.8139228820800781,0.6243918538093567
318,0.6994951963424683,0.6477693915367126
319,0.9208807349205017,0.6438166499137878
320,0.8323055505752563,0.5966135859489441
321,0.8859854340553284,0.6220367550849915
322,0.9631471633911133,0.616793155670166
323,1.1245636940002441,0.6262140870094299
324,0.8181941509246826,0.6034016013145447
325,0.8142105937004089,0.6413120031356812
326,0.8208575248718262,0.6034465432167053
327,0.8701873421669006,0.5825148224830627
328,1.0070151090621948,0.6672366857528687
329,1.0755374431610107,0.5917632579803467
330,0.9767860770225525,0.5975638031959534
331,1.050429344177246,0.6455967426300049
332,0.9707363843917847,0.6253073811531067
333,0.6743233799934387,0.597274899482727
334,0.6034667491912842,0.6985107064247131
335,0.6080260276794434,0.645064651966095
336,0.9951059818267822,0.6217048168182373
337,0.9201353788375854,0.547081470489502
338,0.750600278377533,0.6526553630828857
339,0.9537781476974487,0.5482145547866821
340,0.6060345768928528,0.5816492438316345
341,0.7894723415374756,0.6319778561592102
342,0.7493894100189209,0.620998203754425
343,0.6936062574386597,0.6361954212188721
344,0.7132482528686523,0.6173930168151855
345,0.6679463386535645,0.6833215355873108
346,0.9807224273681641,0.6477624177932739
347,1.1048089265823364,0.5577698349952698
348,0.8125888109207153,0.5898198485374451
349,0.8310938477516174,0.5879524350166321
350,0.9005405306816101,0.6221426129341125
351,0.7473428249359131,0.6471102237701416
352,1.104896068572998,0.6045111417770386
353,0.6330363750457764,0.6628382205963135
354,0.9170389771461487,0.6320366859436035
355,0.8259013295173645,0.6073442101478577
356,0.888705849647522,0.6565548777580261
357,0.8484467267990112,0.6538793444633484
358,0.767672598361969,0.6124595403671265
359,0.8862738609313965,0.5992651581764221
360,1.3105063438415527,0.620654284954071
361,0.7643309831619263,0.6325635313987732
362,0.6981467604637146,0.5886279940605164
363,0.7381845712661743,0.6389527320861816
364,1.0758728981018066,0.6572359204292297
365,0.9001888036727905,0.6079521179199219
366,1.0432610511779785,0.6777135729789734
367,0.9018570184707642,0.6344649791717529
368,1.0707887411117554,0.6312915682792664
369,1.263414978981018,0.6256382465362549
370,1.0226246118545532,0.620000958442688
371,0.9094346761703491,0.6104198694229126
372,0.7400721907615662,0.6171618103981018
373,1.0043730735778809,0.6314426064491272
374,0.8248072266578674,0.6292922496795654
375,1.2303016185760498,0.6309173107147217
376,0.8698826432228088,0.6147071123123169
377,1.283948540687561,0.5820789337158203
378,0.9253662824630737,0.6370970606803894
379,0.7467480301856995,0.5882191061973572
380,0.7748664617538452,0.5792276263237
381,1.041325330734253,0.6114627122879028
382,0.7912335991859436,0.640812337398529
383,0.752808153629303,0.6090584397315979
384,1.0522549152374268,0.6280907392501831
385,1.0389518737792969,0.6097893714904785
386,0.8081483244895935,0.6346756219863892
387,0.8385812640190125,0.5959178805351257
388,1.1355369091033936,0.710638701915741
389,0.8906907439231873,0.6279489994049072
390,0.9110503196716309,0.600560188293457
391,1.1062297821044922,0.587786853313446
392,0.6727902293205261,0.552379310131073
393,1.0442538261413574,0.646298348903656
394,1.36249577999115,0.6578604578971863
395,0.7514802813529968,0.6153571009635925
396,0.746015191078186,0.6017261743545532
397,0.9012979865074158,0.621534526348114
398,0.9058600664138794,0.6070327162742615
399,0.9131532907485962,0.6159855127334595
400,1.029654860496521,0.6058893203735352
401,0.894869327545166,0.6304094195365906
402,1.0261441469192505,0.564073383808136
403,0.9250985980033875,0.6350002884864807
404,0.8120831847190857,0.6666275262832642
405,0.9340170621871948,0.60817551612854
406,1.0830597877502441,0.5923311710357666
407,0.8886803984642029,0.6055846810340881
408,1.06218421459198,0.5863592028617859
409,1.0372902154922485,0.7039862275123596
410,0.9491683840751648,0.577860951423645
411,0.7635233402252197,0.6424677968025208
412,1.0570069551467896,0.6341962814331055
413,0.9586629867553711,0.6234756112098694
414,0.8342806100845337,0.5858939290046692
415,0.9193719029426575,0.5808168053627014
416,0.9799880385398865,0.6013206839561462
417,0.8721749782562256,0.6202857494354248
418,0.6983505487442017,0.5813809633255005
419,0.8192103505134583,0.5258675813674927
420,0.9129027724266052,0.6545166969299316
421,1.0038999319076538,0.617680013179779
422,0.9545082449913025,0.590290367603302
423,0.7524624466896057,0.6064944863319397
424,0.6561933755874634,0.652266263961792
425,1.1449049711227417,0.7011018991470337
426,0.6738303899765015,0.625822126865387
427,0.8736900687217712,0.5901198387145996
428,1.07627272605896,0.6084479093551636
429,1.1916548013687134,0.5345076322555542
430,0.716886043548584,0.6112611293792725
431,0.7970686554908752,0.5752456784248352
432,0.7700504064559937,0.6037740111351013
433,1.0285085439682007,0.6460564136505127
434,1.0699342489242554,0.6439791917800903
435,0.8258282542228699,0.6051245927810669
436,1.1348947286605835,0.6451887488365173
437,0.8392924070358276,0.5974962115287781
438,1.046465516090393,0.5623757243156433
439,1.3684686422348022,0.6489203572273254
440,0.8957841992378235,0.6524381041526794
441,0.7965589761734009,0.642833948135376
442,0.9796744585037231,0.5805805325508118
443,0.9801543354988098,0.5790092349052429
444,0.8936718702316284,0.6368081569671631
445,1.3997361660003662,0.6437807083129883
446,0.9032161235809326,0.6789897680282593
447,0.7945483326911926,0.5702701210975647
448,1.0921111106872559,0.6352105140686035
449,0.8452135920524597,0.6004672050476074
450,0.9474296569824219,0.6320329904556274
451,1.190094232559204,0.5810467600822449
452,0.8225359916687012,0.6386242508888245
453,0.897556722164154,0.654333233833313
454,0.7387465834617615,0.6232037544250488
455,0.6914365887641907,0.6385815739631653
456,0.8113951086997986,0.6301073431968689
457,0.9175220131874084,0.5587300658226013
458,0.9894297122955322,0.6112775206565857
459,0.8563739657402039,0.6212968230247498
460,1.1742725372314453,0.6208645701408386
461,1.0857828855514526,0.6686112284660339
462,0.6845263242721558,0.6329140067100525
463,0.933610737323761,0.6408175826072693
464,0.8684163093566895,0.5944080948829651
465,0.7284180521965027,0.6250489950180054
466,0.7768014073371887,0.6604906320571899
467,1.1111903190612793,0.5739895701408386
468,0.9828705191612244,0.6295354962348938
469,1.1388752460479736,0.6226212978363037
470,0.8255869746208191,0.6260815262794495
471,0.7933694124221802,0.6415188312530518
472,1.1004136800765991,0.5822753310203552
473,1.075302004814148,0.5782891511917114
474,0.9576355814933777,0.6294488310813904
475,0.8293812274932861,0.6128149032592773
476,0.5973612666130066,0.6243407726287842
477,0.79206383228302,0.5850233435630798
478,1.1183972358703613,0.6222591996192932
479,0.9831603765487671,0.6281054615974426
480,0.9572213292121887,0.6467697024345398
481,1.0839455127716064,0.5763490796089172
482,0.7307352423667908,0.6177472472190857
483,1.0297880172729492,0.6915795207023621
484,0.931113600730896,0.5755541324615479
485,1.1131823062896729,0.5747051239013672
486,0.8003697395324707,0.6010696291923523
487,0.9185251593589783,0.5220175385475159
488,0.9228418469429016,0.5758607387542725
489,1.245582938194275,0.5337051749229431
490,0.9071345925331116,0.6256312727928162
491,0.659074604511261,0.627541720867157
492,0.8119657039642334,0.6292622685432434
493,1.0789868831634521,0.6079636216163635
494,0.8200948238372803,0.6224493384361267
495,1.2130392789840698,0.6374004483222961
496,0.9971798658370972,0.586392343044281
497,1.0092576742172241,0.6223669052124023
498,1.287804126739502,0.6259211897850037
499,1.108515739440918,0.664459764957428
500,0.9117439985275269,0.6029465198516846
501,1.2876243591308594,0.6385735869407654
502,0.9004745483398438,0.5654705166816711
503,1.0461684465408325,0.6071974039077759
504,0.8650071024894714,0.6157975196838379
505,0.9648477435112,0.6243303418159485
506,1.0291073322296143,0.6180718541145325
507,1.250623345375061,0.6617398262023926
508,1.2769293785095215,0.6481846570968628
509,1.1259032487869263,0.49199941754341125
510,0.9584113955497742,0.6252797245979309
511,1.0466936826705933,0.603388249874115
512,0.9343999624252319,0.5768489241600037
513,0.8252513408660889,0.5827969908714294
514,1.0511138439178467,0.593856155872345
515,1.1538735628128052,0.6621692776679993
516,0.9941713213920593,0.5803600549697876
517,0.7994664311408997,0.6169476509094238
518,0.7305423021316528,0.6222770810127258
519,0.897621750831604,0.6100754737854004
520,0.802945077419281,0.6495066285133362
521,0.9029146432876587,0.6474570631980896
522,0.8790090084075928,0.5793652534484863
523,0.8755508661270142,0.5850802659988403
524,0.9778124094009399,0.5761235356330872
525,0.9606678485870361,0.5662360191345215
526,0.8861843347549438,0.6288668513298035
527,0.8121339678764343,0.659798264503479
528,0.7796884775161743,0.6078492403030396
529,0.8800230622291565,0.6366786360740662
530,0.8082644939422607,0.600373387336731
531,0.7243356704711914,0.635792076587677
532,1.2156975269317627,0.623873233795166
533,0.8665287494659424,0.5819088816642761
534,0.6129382848739624,0.6197453141212463
535,0.9448400735855103,0.6442763805389404
536,0.9374053478240967,0.5904078483581543
537,1.0475573539733887,0.6456186771392822
538,1.0286731719970703,0.595201849937439
539,0.7365854382514954,0.6190007328987122
540,1.079926609992981,0.5841320753097534
541,1.022046446800232,0.6119059920310974
542,0.9242948293685913,0.5746402144432068
543,0.938976526260376,0.633654773235321
544,0.762000322341919,0.6214364171028137
545,0.7205260396003723,0.6528909802436829
546,1.1523263454437256,0.6713995337486267
547,0.7224366664886475,0.5997527837753296
548,1.0434459447860718,0.631200909614563
549,0.9861525297164917,0.5159870386123657
550,0.7829983234405518,0.6050289273262024
551,1.0269931554794312,0.6636336445808411
552,0.8517007231712341,0.6156266331672668
553,0.8765913844108582,0.5883454084396362
554,1.2245486974716187,0.6311072111129761
555,1.0344228744506836,0.5822108387947083
556,0.7048667073249817,0.6026212573051453
557,0.9249568581581116,0.5966923236846924
558,1.0699348449707031,0.6296118497848511
559,1.0529745817184448,0.6219522356987
560,1.0149753093719482,0.6178638935089111
561,0.811898946762085,0.6476646661758423
562,0.8081534504890442,0.5613176822662354
563,1.0185856819152832,0.5810181498527527
564,1.3434721231460571,0.6368291974067688
565,0.8658391833305359,0.6540442705154419
566,0.740709662437439,0.5892133712768555
567,1.0702669620513916,0.568085253238678
568,0.7754637598991394,0.5758227705955505
569,1.091841459274292,0.5843918323516846
570,0.8381624221801758,0.5800014734268188
571,0.8160905838012695,0.5744718909263611
572,1.2322841882705688,0.6469480395317078
573,1.0503216981887817,0.6370663642883301
574,0.9279340505599976,0.5927629470825195
575,1.2419637441635132,0.6286372542381287
576,0.9466713666915894,0.5952388644218445
577,0.7304624915122986,0.6362327337265015
578,0.9642668962478638,0.5871551036834717
579,0.7303011417388916,0.5573030710220337
580,0.7710220217704773,0.6231385469436646
581,1.2525721788406372,0.669762134552002
582,0.8314328193664551,0.5693726539611816
583,1.094750165939331,0.5782963037490845
584,1.1479707956314087,0.5993869304656982
585,0.8947539925575256,0.6138941645622253
586,0.9298778772354126,0.600533664226532
587,0.939998209476471,0.628598690032959
588,1.1405824422836304,0.5452260971069336
589,0.8068263530731201,0.6922886371612549
590,0.8691801428794861,0.5753990411758423
591,0.8653876781463623,0.6012664437294006
592,1.1557034254074097,0.5960364937782288
593,1.1005754470825195,0.6133763790130615
594,1.0008251667022705,0.5853778719902039
595,1.2817410230636597,0.6587293148040771
596,0.904801070690155,0.5918257236480713
597,0.7511146068572998,0.5710118412971497
598,1.069180965423584,0.6559608578681946
599,1.0240720510482788,0.6221371293067932
600,0.659538745880127,0.6477214694023132
601,0.7917701005935669,0.5788445472717285
602,0.7912057638168335,0.6706913709640503
603,0.9554244875907898,0.6199161410331726
604,1.107906699180603,0.5687530636787415
605,0.9883198738098145,0.6398458480834961
606,0.974871039390564,0.5594862699508667
607,0.6736927032470703,0.6639620661735535
608,0.8617753386497498,0.5995502471923828
609,1.1451427936553955,0.6175925731658936
610,1.0328608751296997,0.6394816040992737
611,0.9759323000907898,0.640436589717865
612,1.1307364702224731,0.6682829856872559
613,0.9078741669654846,0.6092148423194885
614,0.6881431341171265,0.6206579208374023
615,0.8713659048080444,0.6310588121414185
616,0.9899600744247437,0.6028623580932617
617,0.8608906865119934,0.564498782157898
618,1.0114545822143555,0.5771193504333496
619,0.9630048274993896,0.5718035697937012
620,0.7642506957054138,0.6396864056587219
621,1.081516981124878,0.5718175172805786
622,1.1378093957901,0.6107604503631592
623,0.9358042478561401,0.5818955302238464
624,0.8694962859153748,0.607103168964386
625,0.7547389268875122,0.6503415703773499
626,1.0205042362213135,0.6049959063529968
627,0.8287646174430847,0.5940038561820984
628,1.1272733211517334,0.6045626997947693
629,1.2232526540756226,0.5966075658798218
630,1.1237925291061401,0.6596633791923523
631,0.8442336916923523,0.5665338635444641
632,0.6794813871383667,0.6314395070075989
633,0.9011285901069641,0.5858928561210632
634,0.9768474698066711,0.6102167367935181
635,1.0516784191131592,0.585233747959137
636,0.9051399230957031,0.6015135645866394
637,0.9077726006507874,0.6043737530708313
638,0.9569271802902222,0.552546501159668
639,0.8855144381523132,0.6293327808380127
640,0.8745603561401367,0.602687656879425
641,1.113113284111023,0.6167523860931396
642,0.6897315382957458,0.5748980045318604
643,1.2066622972488403,0.6481436491012573
644,0.9058298468589783,0.5856252312660217
645,0.8939710855484009,0.5697606801986694
646,1.0775821208953857,0.633345365524292
647,0.9611562490463257,0.5830870866775513
648,1.0934474468231201,0.6241024732589722
649,1.1231540441513062,0.5278502106666565
650,0.8974406123161316,0.6079557538032532
651,0.9244303107261658,0.6275691986083984
652,1.01936674118042,0.6006518602371216
653,0.8469238877296448,0.6273638606071472
654,1.0254441499710083,0.5822091102600098
655,1.1191996335983276,0.6689709424972534
656,0.9897645115852356,0.5533029437065125
657,0.9449713826179504,0.6039646863937378
658,0.9849907755851746,0.6284360885620117
659,1.1908806562423706,0.6848115921020508
660,1.0095363855361938,0.6497118473052979
661,0.9720272421836853,0.6386271119117737
662,1.1369521617889404,0.6629441976547241
663,0.7333268523216248,0.6248564720153809
664,0.8448663353919983,0.5958077907562256
665,1.0196001529693604,0.5669488310813904
666,0.9269056916236877,0.5655008554458618
667,0.7583841681480408,0.6076565384864807
668,0.8462515473365784,0.6457409262657166
669,0.9976630210876465,0.6467729806900024
670,1.0214413404464722,0.5551079511642456
671,0.6591159105300903,0.6158900856971741
672,1.2371882200241089,0.626399576663971
673,1.185776948928833,0.6015820503234863
674,0.9183353185653687,0.6433714032173157
675,0.9934190511703491,0.6657195091247559
676,1.0266950130462646,0.6337310075759888
677,0.8410148024559021,0.6082112789154053
678,0.9133613705635071,0.6133565902709961
679,1.1456873416900635,0.6699429154396057
680,1.090864896774292,0.523590087890625
681,0.9640581607818604,0.6091293096542358
682,1.0777313709259033,0.611157238483429
683,0.8783243298530579,0.5748146772384644
684,0.912345826625824,0.5995522141456604
685,1.1237046718597412,0.5427535772323608
686,0.866441547870636,0.6343730092048645
687,1.2176127433776855,0.6692264080047607
688,0.5934842824935913,0.6751394271850586
689,1.0352044105529785,0.6382606625556946
690,1.2239402532577515,0.5961787104606628
691,1.0344854593276978,0.596559464931488
692,0.9945729970932007,0.5954186916351318
693,1.1288460493087769,0.5805785059928894
694,0.7570785880088806,0.6273916363716125
695,1.1875702142715454,0.6149907112121582
696,0.7833417057991028,0.6009119153022766
697,1.0555528402328491,0.6082236766815186
698,0.7961162328720093,0.6059533357620239
699,0.9499269723892212,0.5979479551315308
700,0.9382422566413879,0.6530384421348572
701,1.1509801149368286,0.5735047459602356
702,1.2396503686904907,0.5864077806472778
703,1.066044807434082,0.5856116414070129
704,0.6926089525222778,0.593548595905304
705,0.9803091287612915,0.5782396197319031
706,0.9545888900756836,0.6228920817375183
707,0.9648945331573486,0.6271843910217285
708,0.8385192155838013,0.6374148726463318
709,1.2684943675994873,0.5586183667182922
710,0.8300663828849792,0.5943644642829895
711,1.134429693222046,0.5735564231872559
712,0.6950267553329468,0.5963590145111084
713,1.1344563961029053,0.5911255478858948
714,1.0166213512420654,0.589305579662323
715,0.9301774501800537,0.5747378468513489
716,0.9211730360984802,0.5830942392349243
717,0.7790054678916931,0.5981693863868713
718,0.9468895792961121,0.6217633485794067
719,1.1835631132125854,0.6197662949562073
720,0.8042781949043274,0.5753771662712097
721,0.9598530530929565,0.600354790687561
722,0.9404873847961426,0.6205407977104187
723,0.8873496651649475,0.6714020371437073
724,1.107620358467102,0.5828867554664612
725,0.7593703866004944,0.6692135334014893
726,0.6156439781188965,0.6128333806991577
727,0.8519244194030762,0.6404361128807068
728,1.0210176706314087,0.5811929106712341
729,1.1526660919189453,0.5728990435600281
730,1.1140310764312744,0.6047999858856201
731,1.0755038261413574,0.6486412286758423
732,1.1202536821365356,0.6234880685806274
733,0.8292911648750305,0.6110242605209351
734,1.1052935123443604,0.5520142912864685
735,1.027929425239563,0.6195985078811646
736,1.0647882223129272,0.6295714378356934
737,0.9780198931694031,0.5954492688179016
738,0.870194137096405,0.6084837913513184
739,0.774819552898407,0.5251210331916809
740,0.969382107257843,0.5486708879470825
741,0.9324977397918701,0.5621368288993835
742,0.9686633348464966,0.6368234157562256
743,0.9493480324745178,0.6500879526138306
744,0.9993675947189331,0.6218183040618896
745,1.079750895500183,0.5546656847000122
746,1.1795700788497925,0.6178139448165894
747,0.7424461245536804,0.6039823293685913
748,0.8559297323226929,0.6445847153663635
749,1.3204007148742676,0.610159158706665
750,0.8767788410186768,0.581392228603363
751,0.7930218577384949,0.6644392013549805
752,0.9563494324684143,0.5781732201576233
753,0.8410998582839966,0.6052459478378296
754,1.0325011014938354,0.5981966853141785
755,0.8462455868721008,0.6377629041671753
756,0.9947178959846497,0.5837511420249939
757,1.007806420326233,0.5615627765655518
758,1.2628883123397827,0.5968948006629944
759,1.4772489070892334,0.678318202495575
760,0.8397079706192017,0.585387647151947
761,0.7940819263458252,0.6153006553649902
762,1.0672581195831299,0.5974598526954651
763,1.017976999282837,0.5717695355415344
764,0.9366443157196045,0.5941151976585388
765,1.0410456657409668,0.5511113405227661
766,0.9815743565559387,0.5587373971939087
767,1.096359133720398,0.6206565499305725
768,0.8262196779251099,0.5972116589546204
769,0.5776377320289612,0.6302330493927002
770,1.0373828411102295,0.5438809990882874
771,1.0932012796401978,0.530809223651886
772,0.8684802055358887,0.5510206818580627
773,1.0643292665481567,0.543101966381073
774,0.7940195202827454,0.5936204791069031
775,1.0862821340560913,0.60502028465271
776,1.0186467170715332,0.6179177761077881
777,0.881881833076477,0.6102638244628906
778,1.2721686363220215,0.5642814636230469
779,1.3122745752334595,0.6027027368545532
780,0.5985550880432129,0.5617441534996033
781,0.9996417164802551,0.6021536588668823
782,0.6774436235427856,0.5750689506530762
783,1.0943650007247925,0.5999761819839478
784,1.0996570587158203,0.5942270755767822
785,0.874582052230835,0.6294098496437073
786,0.9992550611495972,0.672893226146698
787,1.0529226064682007,0.6156553626060486
788,1.4257969856262207,0.669738233089447
789,1.0111846923828125,0.555549681186676
790,1.007645845413208,0.6497019529342651
791,0.7423534989356995,0.5940865278244019
792,1.145453929901123,0.5756098628044128
793,1.1528726816177368,0.5933964848518372
794,0.5832817554473877,0.657417356967926
795,0.9686163663864136,0.5787152051925659
796,1.0346922874450684,0.5978410840034485
797,1.1956716775894165,0.5888546705245972
798,0.9805215001106262,0.6032978892326355
799,1.0633656978607178,0.6074895858764648
800,0.8434528112411499,0.6486256718635559
801,1.2045317888259888,0.6703829765319824
802,1.1219273805618286,0.5598989129066467
803,1.3145747184753418,0.6131759881973267
804,1.0040748119354248,0.5995022654533386
805,0.7908284068107605,0.617082417011261
806,1.2058824300765991,0.54925137758255
807,0.8787080645561218,0.5617203116416931
808,1.2568875551223755,0.6126630306243896
809,1.006714105606079,0.6601124405860901
810,1.0227067470550537,0.583645224571228
811,0.8305904865264893,0.6275614500045776
812,1.2290302515029907,0.6424411535263062
813,0.9246606826782227,0.5854111909866333
814,0.968198835849762,0.5522441267967224
815,1.1634396314620972,0.5836214423179626
816,0.6853668093681335,0.6250029802322388
817,1.151250958442688,0.5993190407752991
818,1.0470303297042847,0.5700197219848633
819,0.8364294171333313,0.6476006507873535
820,1.0742193460464478,0.6016409993171692
821,0.878612756729126,0.622234046459198
822,0.8158159255981445,0.5977586507797241
823,0.9426059126853943,0.6560360789299011
824,1.0094079971313477,0.6208811402320862
825,0.8520604372024536,0.624645471572876
826,1.0907371044158936,0.5701759457588196
827,1.2047603130340576,0.6218350529670715
828,1.0271085500717163,0.625225841999054
829,1.1007511615753174,0.6779001355171204
830,0.9990471601486206,0.5856973528862
831,0.6957223415374756,0.5989713668823242
832,0.9493675231933594,0.576935350894928
833,1.0251661539077759,0.6151456236839294
834,0.9436003565788269,0.6540929675102234
835,0.8604558110237122,0.5291411280632019
836,1.0177303552627563,0.6241222620010376
837,1.0062932968139648,0.6114984750747681
838,0.9951950311660767,0.6216002702713013
839,0.9008474349975586,0.6429970860481262
840,1.0542258024215698,0.6234920024871826
841,0.9095865488052368,0.5622148513793945
842,1.4664487838745117,0.6360539793968201
843,0.7032915949821472,0.629698634147644
844,0.718681275844574,0.608879029750824
845,0.767631471157074,0.5916784405708313
846,1.0674949884414673,0.6308891177177429
847,1.0414127111434937,0.58251953125
848,1.1002222299575806,0.6235621571540833
849,0.5930368900299072,0.6457970142364502
850,0.9312403798103333,0.5951179265975952
851,0.7172617316246033,0.6126992106437683
852,1.270431637763977,0.6827614903450012
853,0.7400830984115601,0.6268985271453857
854,1.0843921899795532,0.6686344742774963
855,1.1471667289733887,0.6147215366363525
856,1.016939640045166,0.5574010610580444
857,1.1847845315933228,0.5923340916633606
858,1.1546787023544312,0.5985472202301025
859,1.099703311920166,0.5654129981994629
860,0.8675712943077087,0.6002212762832642
861,0.9783576130867004,0.5889735221862793
862,0.9693045616149902,0.6599582433700562
863,0.8386269807815552,0.5992092490196228
864,1.0114401578903198,0.5647021532058716
865,0.9841462969779968,0.6089233756065369
866,0.9960353374481201,0.6171985268592834
867,0.8445937633514404,0.6078507304191589
868,0.655002236366272,0.6354705095291138
869,1.0205135345458984,0.5693451166152954
870,1.1515767574310303,0.6707784533500671
871,1.015736699104309,0.5868065357208252
872,0.8547581434249878,0.5459121465682983
873,1.0775827169418335,0.5668721199035645
874,1.101444959640503,0.6695406436920166
875,1.0375525951385498,0.5695272088050842
876,1.1462587118148804,0.5583018660545349
877,1.1314775943756104,0.5619432330131531
878,0.6749624609947205,0.5849416255950928
879,1.5070713758468628,0.6103399395942688
880,0.9824001789093018,0.623678982257843
881,1.115849256515503,0.5996527075767517
882,0.7322607040405273,0.5872294902801514
883,0.9707648158073425,0.6162378191947937
884,1.0711288452148438,0.61366868019104
885,1.0160480737686157,0.634628415107727
886,0.7300543189048767,0.6085426211357117
887,1.054550290107727,0.6517181396484375
888,1.3228148221969604,0.5613679885864258
889,1.4762362241744995,0.6435744166374207
890,0.975071907043457,0.5783281326293945
891,0.919120192527771,0.6256803274154663
892,1.1003016233444214,0.6222227215766907
893,0.9915928840637207,0.6216709613800049
894,0.9897528886795044,0.629370391368866
895,0.7893537282943726,0.6574354767799377
896,0.9968557357788086,0.5833401679992676
897,1.3246188163757324,0.5607119202613831
898,1.0314069986343384,0.643180787563324
899,1.017885446548462,0.5457401871681213
900,1.0896704196929932,0.6587877869606018
901,0.8221777081489563,0.5404232740402222
902,1.0738557577133179,0.5750295519828796
903,0.8298477530479431,0.5804608464241028
904,0.7937408089637756,0.6251135468482971
905,1.3754236698150635,0.6073921918869019
906,0.9018656015396118,0.6956164240837097
907,1.0203968286514282,0.6303486227989197
908,1.0050115585327148,0.6046275496482849
909,1.2446057796478271,0.6415503621101379
910,1.0248936414718628,0.6053696274757385
911,1.0737496614456177,0.5949267745018005
912,1.005885362625122,0.5631147027015686
913,1.0494695901870728,0.613502562046051
914,0.6531044244766235,0.629718005657196
915,0.8338499665260315,0.5783235430717468
916,1.0434068441390991,0.5848373174667358
917,0.6571563482284546,0.6547257900238037
918,1.0102620124816895,0.5833344459533691
919,0.994520366191864,0.5948551893234253
920,1.1911181211471558,0.5918220281600952
921,1.0539902448654175,0.5913833379745483
922,1.1130305528640747,0.5717223882675171
923,1.0434191226959229,0.6184117794036865
924,1.0724648237228394,0.6008764505386353
925,1.2067424058914185,0.6403205394744873
926,1.2926512956619263,0.6377896070480347
927,0.8327889442443848,0.6043871641159058
928,0.9097390174865723,0.5894476175308228
929,0.985088586807251,0.6730887293815613
930,1.0419683456420898,0.591328501701355
931,1.2489855289459229,0.6121221780776978
932,0.9638153314590454,0.5733208656311035
933,1.0806790590286255,0.5845434665679932
934,0.7471859455108643,0.643966555595398
935,0.6195531487464905,0.6005990505218506
936,0.969060480594635,0.5171286463737488
937,1.0686331987380981,0.5785974264144897
938,1.0082197189331055,0.5379044413566589
939,0.8972553014755249,0.5548902153968811
940,1.0136150121688843,0.5938207507133484
941,0.9741734266281128,0.5951133370399475
942,1.053924322128296,0.5829658508300781
943,1.1672165393829346,0.6214078664779663
944,1.0333924293518066,0.5745176672935486
945,0.9258508682250977,0.6100800037384033
946,1.177453875541687,0.5788370370864868
947,1.1975088119506836,0.5906471610069275
948,0.8725633025169373,0.6052356958389282
949,0.8627529144287109,0.6424881219863892
950,1.0057659149169922,0.5850805640220642
951,1.0000804662704468,0.5503812432289124
952,1.1679593324661255,0.579894483089447
953,1.2369223833084106,0.5770521759986877
954,1.0478878021240234,0.5998598337173462
955,0.8218493461608887,0.6039945483207703
956,0.9771347045898438,0.6103054881095886
957,1.0292596817016602,0.6885727047920227
958,0.9375733733177185,0.6264084577560425
959,0.7262362837791443,0.5961729288101196
960,0.8515334129333496,0.5895642638206482
961,1.0839656591415405,0.5761908888816833
962,0.9897871017456055,0.6135234832763672
963,1.0084749460220337,0.5729464888572693
964,0.7793775796890259,0.567020833492279
965,0.8209347128868103,0.6326632499694824
966,0.9784412384033203,0.6391704082489014
967,1.323801875114441,0.5965113043785095
968,0.9818916916847229,0.6333923935890198
969,1.1143194437026978,0.6196828484535217
970,0.8171533346176147,0.6263108849525452
971,0.7628817558288574,0.6049193739891052
972,1.0296024084091187,0.5814798474311829
973,1.1136500835418701,0.5658990144729614
974,0.8998054265975952,0.6296785473823547
975,0.9663186073303223,0.5930219292640686
976,1.1957614421844482,0.5871972441673279
977,0.9292956590652466,0.6042065620422363
978,0.8619051575660706,0.593116819858551
979,1.1593117713928223,0.6957843899726868
980,1.1527628898620605,0.6313518285751343
981,0.752812922000885,0.5910794734954834
982,0.6540327072143555,0.6143202185630798
983,0.7394871115684509,0.6608834862709045
984,0.8949670791625977,0.6052046418190002
985,0.9173094630241394,0.6090248227119446
986,0.8450762033462524,0.6366696357727051
987,1.2541253566741943,0.5387215614318848
988,0.9619125723838806,0.5656852126121521
989,0.7203611135482788,0.6538711786270142
990,0.958342969417572,0.5509363412857056
991,0.8544927835464478,0.620683491230011
992,0.9347422122955322,0.5731068253517151
993,0.8502317667007446,0.568222165107727
994,0.9058396220207214,0.6491346955299377
995,0.918615460395813,0.5919051766395569
996,0.8986650109291077,0.5749083161354065
997,0.7653180360794067,0.5841113328933716
998,0.6832113862037659,0.6240884065628052
999,1.0457648038864136,0.6532261967658997
1000,1.6612812280654907,0.5720261931419373
1001,0.828037679195404,0.617172122001648
1002,0.9260838031768799,0.5697287321090698
1003,0.8856287598609924,0.5897954702377319
1004,1.0568015575408936,0.5914449095726013
1005,1.103421926498413,0.5573616623878479
1006,1.3382606506347656,0.6123142838478088
1007,1.0466769933700562,0.6457957625389099
1008,0.9547605514526367,0.645300030708313
1009,0.9415685534477234,0.548808217048645
1010,1.1246960163116455,0.5537667274475098
1011,1.0403316020965576,0.5255990028381348
1012,0.8582308888435364,0.6007256507873535
1013,1.1844470500946045,0.6427609324455261
1014,0.8575562834739685,0.5808210968971252
1015,0.7233799695968628,0.6370657086372375
1016,0.7858811616897583,0.5907561182975769
1017,0.9496309757232666,0.5626953840255737
1018,0.8704851865768433,0.6049793362617493
1019,1.3149250745773315,0.576460599899292
1020,0.8646017909049988,0.5970238447189331
1021,1.1745284795761108,0.6116787195205688
1022,0.9585922956466675,0.610785186290741
1023,0.7922738194465637,0.6001275181770325
1024,0.9768471717834473,0.6499451994895935
1025,1.3234559297561646,0.6347522735595703
1026,1.3293895721435547,0.6147604584693909
1027,0.9322613477706909,0.6273966431617737
1028,0.9395114779472351,0.596416175365448
1029,1.0473095178604126,0.5763207077980042
1030,0.9432632327079773,0.5574064254760742
1031,0.8562595844268799,0.6457653045654297
1032,1.14806067943573,0.5866015553474426
1033,0.9798539876937866,0.5721111297607422
1034,1.1831094026565552,0.6453068256378174
1035,0.9132087230682373,0.5759503841400146
1036,0.9818812012672424,0.5472339391708374
1037,1.1468275785446167,0.5768458843231201
1038,1.1265805959701538,0.6077377200126648
1039,0.6841583847999573,0.585976243019104
1040,0.8692965507507324,0.634521484375
1041,1.234119176864624,0.5643312931060791
1042,0.9741618037223816,0.5596572160720825
1043,1.0017023086547852,0.6065354943275452
1044,1.0387604236602783,0.5691310167312622
1045,0.9947837591171265,0.6217791438102722
1046,1.2230772972106934,0.656485378742218
1047,0.9097043871879578,0.6148635149002075
1048,0.9611418843269348,0.5913183093070984
1049,0.8142963647842407,0.595682680606842
1050,0.7032594084739685,0.6028059720993042
1051,0.9731361865997314,0.6283289194107056
1052,1.1475309133529663,0.5502901673316956
1053,0.7832744717597961,0.6192581653594971
1054,0.6947618126869202,0.622452974319458
1055,1.3725624084472656,0.6647176146507263
1056,0.7316332459449768,0.6677733659744263
1057,0.8364700675010681,0.5785770416259766
1058,0.9022020101547241,0.6499099135398865
1059,0.7228016257286072,0.5778168439865112
1060,1.1078745126724243,0.6111139059066772
1061,0.7535409927368164,0.5867185592651367
1062,0.982316255569458,0.5605840682983398
1063,1.0749725103378296,0.6073030829429626
1064,1.1606889963150024,0.5375404953956604
1065,1.109928846359253,0.6374117732048035
1066,0.9889156818389893,0.6323010921478271
1067,1.066528558731079,0.594589352607727
1068,0.9111039042472839,0.6658520698547363
1069,1.308362603187561,0.6310162544250488
1070,1.2055810689926147,0.6142597794532776
1071,0.9557090997695923,0.5701014995574951
1072,1.1173471212387085,0.5896197557449341
1073,1.2141908407211304,0.5746855735778809
1074,0.9526366591453552,0.690229594707489
1075,1.0612599849700928,0.577164888381958
1076,1.3400591611862183,0.6050132513046265
1077,1.2827889919281006,0.627443790435791
1078,1.0309042930603027,0.5957612991333008
1079,1.0498610734939575,0.5939341187477112
1080,1.185034155845642,0.5478391647338867
1081,1.0301470756530762,0.5736822485923767
1082,0.9209643602371216,0.6168256998062134
1083,0.9723507165908813,0.5596963167190552
1084,1.1480066776275635,0.5438322424888611
1085,1.06768798828125,0.5806190371513367
1086,1.299730658531189,0.60688316822052
1087,1.079565167427063,0.6207787990570068
1088,0.9651382565498352,0.6052772402763367
1089,0.9137492179870605,0.560476541519165
1090,0.8626255393028259,0.6092066168785095
1091,1.2811747789382935,0.6087266802787781
1092,1.2548038959503174,0.6923536062240601
1093,1.0487573146820068,0.6052331924438477
1094,0.9802841544151306,0.5835358500480652
1095,1.0930920839309692,0.5863353610038757
1096,1.0193750858306885,0.6458935141563416
1097,1.0806405544281006,0.6466586589813232
1098,0.9936965107917786,0.548188328742981
1099,1.5090107917785645,0.534008264541626
1100,0.8070052266120911,0.6121924519538879
1101,0.7499847412109375,0.5873730778694153
1102,1.0889991521835327,0.6107215285301208
1103,0.9317980408668518,0.5841736197471619
1104,1.0990248918533325,0.5482972264289856
1105,0.871402382850647,0.6125465035438538
1106,0.9530827403068542,0.6303973197937012
1107,0.84840327501297,0.5761594176292419
1108,0.9307251572608948,0.638329029083252
1109,0.8021899461746216,0.5716227293014526
1110,1.259513258934021,0.6139450669288635
1111,0.5277875065803528,0.7201052308082581
1112,1.15084707736969,0.591829240322113
1113,0.9182143211364746,0.6137006282806396
1114,0.8690661191940308,0.552966833114624
1115,1.0075854063034058,0.5847301483154297
1116,0.8373170495033264,0.5875301957130432
1117,0.7457250952720642,0.5647987127304077
1118,1.1619491577148438,0.5576668381690979
1119,1.1298272609710693,0.596320629119873
1120,0.8806542158126831,0.6291226148605347
1121,1.0313018560409546,0.5715619325637817
1122,1.0834546089172363,0.6470322608947754
1123,0.9517459869384766,0.6387118697166443
1124,0.6799635887145996,0.6304601430892944
1125,1.1994060277938843,0.5683753490447998
1126,0.8969339728355408,0.6489970684051514
1127,0.8385013937950134,0.6424574851989746
1128,1.0123353004455566,0.5604401230812073
1129,0.8813341856002808,0.6179889440536499
1130,1.1462268829345703,0.6678308248519897
1131,1.276507019996643,0.5723814964294434
1132,0.8994967341423035,0.5810202956199646
1133,0.7990227341651917,0.5886445045471191
1134,1.2943838834762573,0.6257810592651367
1135,1.0189781188964844,0.5786905884742737
1136,0.881218433380127,0.557578444480896
1137,0.8659521341323853,0.5714361071586609
1138,0.8327191472053528,0.647937536239624
1139,0.9954206943511963,0.5621932744979858
1140,0.9782181978225708,0.5750089287757874
1141,1.2447221279144287,0.625903844833374
1142,0.9327137470245361,0.6036939024925232
1143,0.9542778134346008,0.5711348056793213
1144,1.0861997604370117,0.5928464531898499
1145,1.122366189956665,0.5697131752967834
1146,1.2032575607299805,0.5784656405448914
1147,0.9929313063621521,0.5791270136833191
1148,0.8854511380195618,0.6573144197463989
1149,0.9222078919410706,0.5551590323448181
1150,1.1573314666748047,0.5604172945022583
1151,0.9453123211860657,0.6291465163230896
1152,0.9910736680030823,0.581635594367981
1153,1.1416184902191162,0.6640156507492065
1154,0.866855263710022,0.5440162420272827
1155,0.7485852241516113,0.6042883992195129
1156,0.9768009185791016,0.5324476957321167
1157,0.8764854669570923,0.5984185338020325
1158,1.3273168802261353,0.6473807096481323
1159,0.892406702041626,0.5398969650268555
1160,1.0410412549972534,0.605407178401947
1161,0.9200764894485474,0.566524863243103
1162,0.821722149848938,0.6079779863357544
1163,0.9969008564949036,0.5749756097793579
1164,1.1246834993362427,0.6384996175765991
1165,0.9744340777397156,0.5691124200820923
1166,1.0297644138336182,0.5550121068954468
1167,0.846657931804657,0.6167706847190857
1168,0.6480166912078857,0.6656010746955872
1169,1.0294743776321411,0.6968852877616882
1170,0.9020012021064758,0.6132192015647888
1171,0.950364887714386,0.6099085807800293
1172,0.9443557262420654,0.6495653986930847
1173,0.902855634689331,0.5793067216873169
1174,1.3284039497375488,0.5740858912467957
1175,0.8526014685630798,0.6113929152488708
1176,0.9855867028236389,0.6213717460632324
1177,1.1791726350784302,0.5831988453865051
1178,0.9874138236045837,0.553058385848999
1179,1.060998558998108,0.5504694581031799
1180,0.985675573348999,0.6473305225372314
1181,0.5773640275001526,0.6337203979492188
1182,1.1883538961410522,0.5935550332069397
1183,0.9614248871803284,0.5757542252540588
1184,0.8520143628120422,0.6141688823699951
1185,0.988617479801178,0.5728282332420349
1186,0.9784403443336487,0.5643215775489807
1187,0.9891549944877625,0.6879677772521973
1188,1.3254404067993164,0.6300172805786133
1189,1.0731302499771118,0.6322984099388123
1190,0.9036245346069336,0.6319480538368225
1191,1.3411484956741333,0.5580761432647705
1192,0.9846329092979431,0.5772312879562378
1193,0.9926989674568176,0.5801621675491333
1194,1.044050693511963,0.6407637000083923
1195,0.8577510118484497,0.6145297884941101
1196,0.9625720381736755,0.6180996894836426
1197,1.198058009147644,0.5351626873016357
1198,0.9401890635490417,0.5976493954658508
1199,0.7261491417884827,0.5636117458343506
1200,1.3065646886825562,0.6078385710716248
1201,1.1255513429641724,0.6319758892059326
1202,1.2208482027053833,0.6500024795532227
1203,0.8075356483459473,0.57499098777771
1204,1.2689247131347656,0.6015821099281311
1205,1.3054442405700684,0.6039695143699646
1206,1.0181984901428223,0.597560465335846
1207,1.259351134300232,0.6128559112548828
1208,1.163320779800415,0.596274733543396
1209,1.202734112739563,0.559191882610321
1210,0.9325584173202515,0.6041615009307861
1211,0.9665147066116333,0.576196551322937
1212,1.1194658279418945,0.6301149725914001
1213,1.008471131324768,0.5814891457557678
1214,1.0487852096557617,0.6273833513259888
1215,1.1135305166244507,0.6182011961936951
1216,0.9575971961021423,0.5960373282432556
1217,0.9515661597251892,0.567933976650238
1218,0.8970912098884583,0.6265959143638611
1219,0.8339905738830566,0.5730608701705933
1220,1.2118791341781616,0.590732753276825
1221,0.9316392540931702,0.5545923709869385
1222,1.1590781211853027,0.6140180230140686
1223,0.9196171760559082,0.6321215629577637
1224,1.1872482299804688,0.604209303855896
1225,1.0644795894622803,0.6183222532272339
1226,0.9277888536453247,0.6140680313110352
1227,1.1804524660110474,0.6191145777702332
1228,0.9462524652481079,0.5578781962394714
1229,1.1169638633728027,0.47883912920951843
1230,1.2939488887786865,0.6094928979873657
1231,0.8554675579071045,0.5920136570930481
1232,0.6900599002838135,0.6376731991767883
1233,0.9671512842178345,0.6073113679885864
1234,0.828643262386322,0.6297340989112854
1235,0.7441110610961914,0.638765811920166
1236,1.2075450420379639,0.5501506924629211
1237,1.1283941268920898,0.6226352453231812
1238,1.0538688898086548,0.5714237689971924
1239,1.0539027452468872,0.6822213530540466
1240,1.2744653224945068,0.6150807738304138
1241,1.7048206329345703,0.6368720531463623
1242,0.9308896064758301,0.5489827394485474
1243,0.9278039336204529,0.6040573716163635
1244,0.9996180534362793,0.6301258206367493
1245,1.2024364471435547,0.6074802875518799
1246,1.0658655166625977,0.5668756365776062
1247,1.3122726678848267,0.5917009711265564
1248,1.278098464012146,0.6265422701835632
1249,1.1778825521469116,0.5861577391624451
1250,1.3959691524505615,0.5868882536888123
1251,0.8643015027046204,0.6011054515838623
1252,0.8518503904342651,0.5995774865150452
1253,0.6706647872924805,0.6181809902191162
1254,0.9902321696281433,0.6105719804763794
1255,1.2164005041122437,0.6078287363052368
1256,0.6754676699638367,0.5787014961242676
1257,1.1191060543060303,0.6522796750068665
1258,0.9416070580482483,0.5379434823989868
1259,1.250148892402649,0.590924084186554
1260,1.1200522184371948,0.6262179017066956
1261,1.1112513542175293,0.5668587684631348
1262,0.8536417484283447,0.5824965834617615
1263,0.9014531970024109,0.6371498107910156
1264,0.9501044750213623,0.6129306554794312
1265,0.8758507370948792,0.622504711151123
1266,0.9708727598190308,0.566706657409668
1267,1.0664809942245483,0.5929864645004272
1268,1.277214527130127,0.5358562469482422
1269,0.9495112895965576,0.5354181528091431
1270,0.9613075256347656,0.6308281421661377
1271,1.1380646228790283,0.5946633815765381
1272,1.1025617122650146,0.5752988457679749
1273,1.2404189109802246,0.633711576461792
1274,0.8577269911766052,0.5843634009361267
1275,0.9799359440803528,0.6423402428627014
1276,0.9069925546646118,0.5647037625312805
1277,1.137001872062683,0.587210476398468
1278,1.0212593078613281,0.5939475297927856
1279,1.2976129055023193,0.6232631802558899
1280,0.9056278467178345,0.5492640137672424
1281,0.942352831363678,0.5888539552688599
1282,0.9608058929443359,0.5504931211471558
1283,0.7927083373069763,0.5564215183258057
1284,0.9345890879631042,0.5641821026802063
1285,1.0126965045928955,0.5793503522872925
1286,0.7361394166946411,0.759748637676239
1287,0.9199236035346985,0.5426509380340576
1288,1.142150640487671,0.5370730757713318
1289,0.8053808212280273,0.6225552558898926
1290,1.0473041534423828,0.5728005170822144
1291,1.335270881652832,0.5927600860595703
1292,0.9606724381446838,0.5993264317512512
1293,1.1772466897964478,0.5577608942985535
1294,1.0234655141830444,0.5725120306015015
1295,1.1741284132003784,0.5995680093765259
1296,1.057578682899475,0.5733840465545654
1297,0.8164387345314026,0.6138866543769836
1298,0.937155544757843,0.573792040348053
1299,0.9290964603424072,0.5605829954147339
1300,0.7740480303764343,0.6131539344787598
1301,1.0668716430664062,0.5730544924736023
1302,1.10740065574646,0.5369666814804077
1303,1.459485650062561,0.601585328578949
1304,0.9525180459022522,0.5778711438179016
1305,1.1664867401123047,0.6042011976242065
1306,0.8084824085235596,0.6182754635810852
1307,0.7637150883674622,0.7077582478523254
1308,1.0402705669403076,0.5719268918037415
1309,1.0364563465118408,0.594721257686615
1310,0.9052574038505554,0.616519570350647
1311,1.0293840169906616,0.6000357866287231
1312,1.219833493232727,0.5547693371772766
1313,1.2978662252426147,0.6270110607147217
1314,1.0782145261764526,0.5906633138656616
1315,1.1876862049102783,0.5310655832290649
1316,1.1200600862503052,0.5593648552894592
1317,0.9764237403869629,0.6593517661094666
1318,0.9326010942459106,0.5457092523574829
1319,0.8314928412437439,0.5624315738677979
1320,1.0881060361862183,0.5277886390686035
1321,1.50826895236969,0.69681715965271
1322,1.0261757373809814,0.623981237411499
1323,1.1673630475997925,0.5627081990242004
1324,0.8393937349319458,0.596777617931366
1325,0.8626915812492371,0.6044788956642151
1326,1.087433934211731,0.599331259727478
1327,0.8437790274620056,0.5731118321418762
1328,1.2628153562545776,0.5951768755912781
1329,0.9462764263153076,0.5552642345428467
1330,0.8993478417396545,0.630745530128479
1331,0.9301720261573792,0.6165964603424072
1332,0.9336974620819092,0.5278241634368896
1333,1.112655758857727,0.5863141417503357
1334,1.0796425342559814,0.5914503335952759
1335,0.7747417092323303,0.6171196103096008
1336,1.2500311136245728,0.5717322826385498
1337,1.2190046310424805,0.5559393167495728
1338,1.0956456661224365,0.6110169887542725
1339,0.6999621987342834,0.5158237814903259
1340,0.7913731336593628,0.5449488759040833
1341,0.7141491770744324,0.5860884189605713
1342,1.157077670097351,0.5889663696289062
1343,1.3300445079803467,0.636277437210083
1344,0.6615104079246521,0.6352497935295105
1345,0.9239107370376587,0.6243062615394592
1346,0.9721794128417969,0.6105762720108032
1347,0.9519737958908081,0.6054893732070923
1348,1.1317905187606812,0.6188939809799194
1349,1.435101866722107,0.5703432559967041
1350,0.9424566626548767,0.6003949642181396
1351,1.036309838294983,0.6009478569030762
1352,0.7320037484169006,0.6976122260093689
1353,1.0266309976577759,0.6101666688919067
1354,0.8323239684104919,0.5825787782669067
1355,1.2409873008728027,0.6989439129829407
1356,1.1285542249679565,0.5782321691513062
1357,1.1860103607177734,0.6597229242324829
1358,0.9573264718055725,0.5944073796272278
1359,0.8589271903038025,0.5614115595817566
1360,1.1462606191635132,0.5684171319007874
1361,1.0397130250930786,0.604354977607727
1362,0.9868167638778687,0.5773784518241882
1363,0.9327110648155212,0.6401854753494263
1364,1.0560359954833984,0.5971223711967468
1365,0.9782780408859253,0.5750358700752258
1366,1.1698497533798218,0.5710542798042297
1367,1.2828422784805298,0.6168727278709412
1368,1.387001872062683,0.6291958689689636
1369,0.5832902789115906,0.5713942050933838
1370,0.9097328186035156,0.5973711013793945
1371,1.0869269371032715,0.5738598704338074
1372,1.0267143249511719,0.572226881980896
1373,1.0774091482162476,0.5834020972251892
1374,0.8458592891693115,0.6145918369293213
1375,0.9381842017173767,0.587276041507721
1376,1.1690900325775146,0.6779791712760925
1377,1.039642095565796,0.6035577654838562
1378,0.9248825907707214,0.6709739565849304
1379,1.0019148588180542,0.6321231722831726
1380,1.2804845571517944,0.5931485891342163
1381,1.0079721212387085,0.6221767663955688
1382,0.9409855604171753,0.6096560955047607
1383,1.3158271312713623,0.769319474697113
1384,0.8798856139183044,0.59299635887146
1385,0.7706027030944824,0.5770116448402405
1386,1.013270616531372,0.5855311155319214
1387,0.9803105592727661,0.6285625696182251
1388,0.8727954030036926,0.5800474286079407
1389,1.2938302755355835,0.617498517036438
1390,1.065828800201416,0.5885858535766602
1391,1.277271032333374,0.4909498989582062
1392,1.0990103483200073,0.6005132794380188
1393,1.2324806451797485,0.5805298089981079
1394,1.2545759677886963,0.6277569532394409
1395,0.9297133684158325,0.611345648765564
1396,0.916883111000061,0.5689029097557068
1397,1.5368566513061523,0.5887534618377686
1398,0.8070523738861084,0.5298686623573303
1399,1.0840855836868286,0.6194883584976196
1400,0.9216172099113464,0.5970566868782043
1401,1.0265501737594604,0.5716522336006165
1402,0.8519713282585144,0.5794812440872192
1403,1.012427568435669,0.5708314776420593
1404,0.8563331365585327,0.5725280046463013
1405,0.8736376762390137,0.5294085741043091
1406,0.905981719493866,0.6128891706466675
1407,0.9618111252784729,0.6241976022720337
1408,1.2708353996276855,0.6357473731040955
1409,1.505287528038025,0.5559457540512085
1410,1.0574666261672974,0.5801393985748291
1411,1.1346852779388428,0.5771139860153198
1412,1.0442204475402832,0.611224889755249
1413,1.0895823240280151,0.5647430419921875
1414,1.0042552947998047,0.615252673625946
1415,1.234383463859558,0.593320369720459
1416,0.994179368019104,0.6009846925735474
1417,1.0362056493759155,0.5702592730522156
1418,0.9297629594802856,0.5454055070877075
1419,1.4410583972930908,0.6205739378929138
1420,1.1928951740264893,0.6107052564620972
1421,1.1100702285766602,0.6091033816337585
1422,1.0293407440185547,0.5869522094726562
1423,1.0269644260406494,0.6288341283798218
1424,1.110911250114441,0.569014310836792
1425,0.9502614736557007,0.6277250647544861
1426,0.6844348311424255,0.5812724232673645
1427,1.0812166929244995,0.5557524561882019
1428,0.8146029114723206,0.6279546618461609
1429,1.098730206489563,0.6644394397735596
1430,0.9750818610191345,0.6179021000862122
1431,0.7662273645401001,0.6311299800872803
1432,1.2690380811691284,0.5571880340576172
1433,1.0745105743408203,0.5456992387771606
1434,1.113739013671875,0.6157242655754089
1435,0.8286007642745972,0.5952789187431335
1436,0.939507246017456,0.6062518954277039
1437,1.0270549058914185,0.5634574294090271
1438,0.9577155709266663,0.5771867036819458
1439,1.3476980924606323,0.6356662511825562
1440,1.0409822463989258,0.633378267288208
1441,1.0484685897827148,0.5795621275901794
1442,1.1715425252914429,0.6686216592788696
1443,0.8671765923500061,0.5597814321517944
1444,1.144995927810669,0.6103209853172302
1445,1.206711769104004,0.5988276600837708
1446,0.6937525868415833,0.6251816153526306
1447,0.7902951836585999,0.6245766282081604
1448,0.9109230637550354,0.612825870513916
1449,1.4313313961029053,0.5402977466583252
1450,1.0493645668029785,0.5461808443069458
1451,0.8630978465080261,0.5677431225776672
1452,1.096387505531311,0.5831610560417175
1453,0.7826068997383118,0.6039494276046753
1454,0.648771345615387,0.6060036420822144
1455,0.8837527632713318,0.5723096132278442
1456,1.1492639780044556,0.5799131989479065
1457,1.2059667110443115,0.623369574546814
1458,0.9593857526779175,0.6303063035011292
1459,0.6735910177230835,0.5680692791938782
1460,0.9911441802978516,0.5467597246170044
1461,1.0694220066070557,0.6388542652130127
1462,1.035664439201355,0.6613004207611084
1463,0.9087550640106201,0.5582394599914551
1464,1.0289493799209595,0.7046459913253784
1465,1.0919684171676636,0.5657287240028381
1466,0.7631459832191467,0.5936784744262695
1467,1.3986525535583496,0.6400421857833862
1468,1.1803431510925293,0.5728201866149902
1469,1.0538102388381958,0.5778895616531372
1470,1.1111053228378296,0.6171671152114868
1471,1.0584276914596558,0.6044731736183167
1472,0.9073771834373474,0.6353704929351807
1473,1.0250829458236694,0.5856786966323853
1474,1.3129090070724487,0.6849728226661682
1475,1.0867105722427368,0.5599469542503357
1476,1.2829574346542358,0.6057605743408203
1477,1.1716684103012085,0.5597333312034607
1478,1.1822013854980469,0.5902196764945984
1479,1.132491946220398,0.6023362278938293
1480,0.8672088384628296,0.6095262765884399
1481,0.8539130091667175,0.6345838308334351
1482,1.346104621887207,0.5257297158241272
1483,1.0480725765228271,0.6066519618034363
1484,1.1625313758850098,0.5873182415962219
1485,1.1523510217666626,0.5298813581466675
1486,0.8401374220848083,0.5932118892669678
1487,0.9961109757423401,0.5186315178871155
1488,0.8486436009407043,0.5449649095535278
1489,1.0750229358673096,0.6057196259498596
1490,1.3431282043457031,0.5224769711494446
1491,1.1140354871749878,0.5783011317253113
1492,1.1633434295654297,0.5705000162124634
1493,0.941997230052948,0.5236695408821106
1494,1.057323694229126,0.5658074021339417
1495,1.1565221548080444,0.5299656391143799
1496,1.0916670560836792,0.5833771824836731
1497,1.1431794166564941,0.5896918773651123
1498,0.8212764263153076,0.6892439126968384
1499,0.8333427906036377,0.5132501125335693
1500,0.9829668402671814,0.6193166971206665
1501,0.9876694679260254,0.6027730703353882
1502,1.0922139883041382,0.5408682823181152
1503,1.0613744258880615,0.5573220252990723
1504,0.8405980467796326,0.5541222095489502
1505,1.0614469051361084,0.5450617671012878
1506,0.9730027318000793,0.6159205436706543
1507,1.006578803062439,0.5847571492195129
1508,1.0809651613235474,0.615562915802002
1509,1.3748835325241089,0.6979824304580688
1510,0.8399572372436523,0.6028944253921509
1511,0.9278191328048706,0.5602844953536987
1512,1.0936094522476196,0.6096829175949097
1513,1.0011543035507202,0.5827988386154175
1514,0.9439217448234558,0.6005813479423523
1515,0.9713906645774841,0.6461374163627625
1516,0.8957497477531433,0.5973114967346191
1517,1.1283941268920898,0.5723045468330383
1518,0.6367314457893372,0.6009589433670044
1519,1.0910238027572632,0.7072814702987671
1520,0.8961336016654968,0.612969160079956
1521,0.9861918091773987,0.593608558177948
1522,1.3403481245040894,0.5911902785301208
1523,1.1417726278305054,0.6172755360603333
1524,0.9190017580986023,0.6203933358192444
1525,0.9491115212440491,0.5713361501693726
1526,1.0411571264266968,0.5942713022232056
1527,1.1021723747253418,0.6710205078125
1528,0.8935800790786743,0.6484237909317017
1529,1.1299866437911987,0.5439130067825317
1530,0.686682939529419,0.6142058372497559
1531,1.1450732946395874,0.5569596886634827
1532,0.85990309715271,0.6131186485290527
1533,1.028745174407959,0.5530481934547424
1534,0.8800449967384338,0.580346405506134
1535,0.9711967706680298,0.6097280383110046
1536,0.9496392607688904,0.5217003226280212
1537,1.1202659606933594,0.5218732953071594
1538,1.320505976676941,0.617799699306488
1539,0.8191408514976501,0.6524149775505066
1540,0.9937593340873718,0.59560227394104
1541,0.8341072797775269,0.5800811648368835
1542,1.1197731494903564,0.5794093012809753
1543,1.0349726676940918,0.588972806930542
1544,0.8769872188568115,0.5848328471183777
1545,0.9190307259559631,0.54720538854599
1546,1.2172160148620605,0.6265881061553955
1547,1.2392562627792358,0.5873813033103943
1548,0.937547504901886,0.5804777145385742
1549,1.1505186557769775,0.5699481964111328
1550,0.8242565989494324,0.6036050915718079
1551,0.9483555555343628,0.5482364296913147
1552,1.0253325700759888,0.5260404348373413
1553,1.1181515455245972,0.6163108348846436
1554,1.0074101686477661,0.6098986864089966
1555,0.9096989631652832,0.5449172258377075
1556,0.9074180722236633,0.615461528301239
1557,1.0535920858383179,0.5403708815574646
1558,0.9628851413726807,0.5795938968658447
1559,0.919262707233429,0.5355362892150879
1560,1.1935412883758545,0.5760126113891602
1561,1.0791455507278442,0.5606134533882141
1562,1.2186880111694336,0.5476463437080383
1563,1.3824726343154907,0.6243389248847961
1564,1.0280781984329224,0.6350158452987671
1565,0.8334813117980957,0.629828155040741
1566,1.0823663473129272,0.5775518417358398
1567,1.0859959125518799,0.5344793200492859
1568,0.7082638740539551,0.604908287525177
1569,1.3436001539230347,0.5977053046226501
1570,0.8037717342376709,0.5711945295333862
1571,0.9943344593048096,0.5873954892158508
1572,0.9707962274551392,0.6043315529823303
1573,1.1588319540023804,0.5702117085456848
1574,0.8736753463745117,0.6387669444084167
1575,1.3127481937408447,0.6017483472824097
1576,1.0323586463928223,0.6099485754966736
1577,0.92315673828125,0.6095914244651794
1578,1.2114654779434204,0.5735775232315063
1579,1.109241247177124,0.6666049361228943
1580,1.1416741609573364,0.659256100654602
1581,1.0593863725662231,0.5778182148933411
1582,1.1377509832382202,0.5754778981208801
1583,1.0048069953918457,0.557088315486908
1584,0.9815715551376343,0.5850356817245483
1585,1.0369536876678467,0.6270853281021118
1586,0.8387657403945923,0.6293284893035889
1587,1.0556201934814453,0.4775467813014984
1588,1.1736236810684204,0.6382468342781067
1589,1.0316171646118164,0.4858335554599762
1590,1.268887996673584,0.5625312924385071
1591,0.8524965643882751,0.622950553894043
1592,1.0663094520568848,0.6017231345176697
1593,0.9772037863731384,0.5691918730735779
1594,1.0774588584899902,0.5370080471038818
1595,0.7450796365737915,0.5615637898445129
1596,1.0502681732177734,0.540332555770874
1597,1.3317923545837402,0.5591509938240051
1598,1.2776786088943481,0.582375168800354
1599,1.070352554321289,0.5584571361541748
1600,1.1358444690704346,0.5680615901947021
1601,1.0861648321151733,0.6352399587631226
1602,1.3083324432373047,0.6321771144866943
1603,1.05958890914917,0.6073803901672363
1604,1.0225521326065063,0.5872430205345154
1605,0.8217760324478149,0.6101973652839661
1606,0.9871952533721924,0.6240585446357727
1607,0.7696333527565002,0.6181128025054932
1608,1.0017021894454956,0.5753352642059326
1609,1.0453567504882812,0.5559118986129761
1610,0.9984563589096069,0.5625759959220886
1611,1.210872769355774,0.5959519147872925
1612,0.8157553672790527,0.5224958062171936
1613,1.0854543447494507,0.6042831540107727
1614,1.1130739450454712,0.6407479047775269
1615,1.049256682395935,0.5540575981140137
1616,1.0347617864608765,0.5842023491859436
1617,1.070919394493103,0.5810778141021729
1618,0.8361576795578003,0.5701565742492676
1619,0.9488092660903931,0.567234456539154
1620,0.8417754769325256,0.6083112359046936
1621,0.8425073623657227,0.6066150069236755
1622,0.9672409296035767,0.5705690383911133
1623,1.1421663761138916,0.5961480736732483
1624,1.2536771297454834,0.5747010707855225
1625,0.8310933709144592,0.5899351835250854
1626,0.9960830211639404,0.609306275844574
1627,1.1631615161895752,0.6035829782485962
1628,0.8908689022064209,0.5265868902206421
1629,1.1954383850097656,0.6976064443588257
1630,0.949633002281189,0.6089224815368652
1631,0.8791879415512085,0.6351552605628967
1632,0.8435457348823547,0.5448223948478699
1633,0.8845428824424744,0.5909866690635681
1634,0.97967129945755,0.5559738874435425
1635,0.8496282696723938,0.6056801676750183
1636,0.9976962208747864,0.6265981197357178
1637,1.1468480825424194,0.5990684032440186
1638,1.0120909214019775,0.6086226105690002
1639,0.8304067850112915,0.6054579019546509
1640,0.8614963293075562,0.5678562521934509
1641,0.9258846044540405,0.5755224823951721
1642,1.119199514389038,0.6035275459289551
1643,0.8185070157051086,0.5991881489753723
1644,1.2407963275909424,0.5838631987571716
1645,0.989631712436676,0.5800955295562744
1646,1.1017653942108154,0.5758776068687439
1647,1.1124446392059326,0.5154033899307251
1648,0.8684102892875671,0.6301040649414062
1649,1.3385937213897705,0.536095142364502
1650,1.197607398033142,0.6120008230209351
1651,1.2614997625350952,0.6386104822158813
1652,0.9070658087730408,0.5745244026184082
1653,1.2069358825683594,0.6457862257957458
1654,0.8143923282623291,0.4846252501010895
1655,1.157762050628662,0.5532152056694031
1656,0.9999446868896484,0.6502997279167175
1657,0.944749116897583,0.5840263962745667
1658,0.8871563673019409,0.5387657284736633
1659,1.0216786861419678,0.6016092300415039
1660,1.1572327613830566,0.6093596816062927
1661,0.9426838755607605,0.5827038884162903
1662,1.1181676387786865,0.6553532481193542
1663,0.8740432858467102,0.5647362470626831
1664,1.0747569799423218,0.6846711039543152
1665,0.9767528176307678,0.5586129426956177
1666,0.9435848593711853,0.51668781042099
1667,1.0859266519546509,0.5273029804229736
1668,1.0409365892410278,0.571162223815918
1669,1.195626974105835,0.5765457153320312
1670,1.155335545539856,0.5841705799102783
1671,1.3468494415283203,0.6157635450363159
1672,1.1231725215911865,0.6043568253517151
1673,1.025705337524414,0.6364389061927795
1674,1.1678835153579712,0.5881685614585876
1675,1.1469380855560303,0.6098851561546326
1676,1.0379153490066528,0.5589413046836853
1677,1.215194821357727,0.5970591902732849
1678,0.9773128032684326,0.6314682960510254
1679,1.6473593711853027,0.7646307349205017
1680,1.024446725845337,0.6196682453155518
1681,0.8066174983978271,0.6025315523147583
1682,1.157662272453308,0.5685053467750549
1683,1.1489276885986328,0.534174919128418
1684,1.0823230743408203,0.5936717987060547
1685,1.1195120811462402,0.592138409614563
1686,0.9458742737770081,0.5665915012359619
1687,1.1603556871414185,0.5677173733711243
1688,0.9827404618263245,0.6287825703620911
1689,1.097712516784668,0.693795919418335
1690,1.252658724784851,0.5771175026893616
1691,1.2487505674362183,0.509048581123352
1692,1.1352020502090454,0.5707314014434814
1693,0.8868985772132874,0.569760799407959
1694,1.0694392919540405,0.5128755569458008
1695,0.9336916208267212,0.5660041570663452
1696,0.893904447555542,0.6197291612625122
1697,1.37074875831604,0.5926981568336487
1698,0.7894001007080078,0.6015061140060425
1699,0.8276900053024292,0.6617769002914429
1700,0.8491913676261902,0.643942654132843
1701,1.0609118938446045,0.5781029462814331
1702,0.8174797892570496,0.607459306716919
1703,1.066176176071167,0.6000827550888062
1704,0.9291046857833862,0.6107538938522339
1705,0.930408239364624,0.5749716758728027
1706,0.8444652557373047,0.6061933040618896
1707,1.1620639562606812,0.6015892028808594
1708,1.0451995134353638,0.6159944534301758
1709,0.9925599098205566,0.5754492878913879
1710,1.1083813905715942,0.6004912257194519
1711,1.198228359222412,0.642448365688324
1712,1.1909042596817017,0.5795992016792297
1713,0.9555643796920776,0.5596336722373962
1714,0.6370856761932373,0.643770694732666
1715,0.9968242645263672,0.5336142182350159
1716,0.8831746578216553,0.574792206287384
1717,1.0144436359405518,0.5911879539489746
1718,0.881620466709137,0.6095268726348877
1719,0.7839002013206482,0.6450492739677429
1720,1.0099802017211914,0.5910418629646301
1721,1.0720720291137695,0.6034442186355591
1722,1.3154364824295044,0.6550509929656982
1723,0.9120617508888245,0.6041370034217834
1724,0.8256816267967224,0.6601248979568481
1725,1.0829375982284546,0.5869911313056946
1726,1.1484289169311523,0.6227326393127441
1727,1.0117855072021484,0.5970550775527954
1728,0.8180534839630127,0.5444904565811157
1729,1.189767837524414,0.6004549860954285
1730,0.8319637179374695,0.6239759922027588
1731,0.9984344244003296,0.6372576951980591
1732,0.9852579832077026,0.5682081580162048
1733,1.2503938674926758,0.5621377825737
1734,0.7050648331642151,0.5977464318275452
1735,1.331274151802063,0.581399142742157
1736,0.8766087293624878,0.5834919214248657
1737,1.1051322221755981,0.5612372756004333
1738,1.089341163635254,0.6380952596664429
1739,0.967063844203949,0.5746774077415466
1740,0.9632355570793152,0.6462813019752502
1741,1.396582007408142,0.60295569896698
1742,1.2119637727737427,0.5701611638069153
1743,1.0199668407440186,0.5486021637916565
1744,0.8074374794960022,0.61567223072052
1745,1.0434167385101318,0.5898758172988892
1746,1.3023184537887573,0.6836593151092529
1747,0.9872581958770752,0.6339865326881409
1748,0.8457036018371582,0.5409307479858398
1749,1.0333185195922852,0.618190348148346
1750,1.0106194019317627,0.5752704739570618
1751,0.5894988775253296,0.6431754231452942
1752,1.2658977508544922,0.593721330165863
1753,0.9789916276931763,0.6508588790893555
1754,1.2987957000732422,0.6183303594589233
1755,1.0325818061828613,0.6033835411071777
1756,0.9751598834991455,0.6131206154823303
1757,1.1761373281478882,0.5786510705947876
1758,0.9675576090812683,0.60858553647995
1759,0.694044828414917,0.5461853742599487
1760,0.8632924556732178,0.567987322807312
1761,1.1428196430206299,0.6418893933296204
1762,0.9969056248664856,0.5986098051071167
1763,1.0817900896072388,0.6014372110366821
1764,1.168431043624878,0.5598291158676147
1765,1.4181108474731445,0.5562928915023804
1766,1.138217806816101,0.6287567019462585
1767,0.9661391973495483,0.5973262786865234
1768,1.0371241569519043,0.6160382032394409
1769,1.0337473154067993,0.5465385317802429
1770,1.117924690246582,0.6167418360710144
1771,0.93211829662323,0.6174668073654175
1772,1.0245065689086914,0.6120423674583435
1773,1.1202574968338013,0.5753241777420044
1774,0.9044675827026367,0.6210927963256836
1775,1.0478827953338623,0.5262696146965027
1776,1.1828510761260986,0.5509299039840698
1777,1.1352509260177612,0.5773611068725586
1778,1.01724374294281,0.557235062122345
1779,1.0413124561309814,0.5932713747024536
1780,1.0878136157989502,0.5674150586128235
1781,1.2938625812530518,0.5777159333229065
1782,0.9806118607521057,0.6132553219795227
1783,1.0643588304519653,0.5817911624908447
1784,0.9699236750602722,0.595036506652832
1785,1.0551031827926636,0.5597885251045227
1786,1.1677005290985107,0.5962368249893188
1787,1.0799832344055176,0.5378937721252441
1788,1.11238431930542,0.5873304009437561
1789,1.1288690567016602,0.5624231696128845
1790,0.8931236267089844,0.6255559921264648
1791,0.9526429772377014,0.6109252572059631
1792,1.3347994089126587,0.6058505177497864
1793,0.8373291492462158,0.6607754230499268
1794,0.9324650764465332,0.5972524285316467
1795,1.0111956596374512,0.5860400199890137
1796,1.234383225440979,0.6029617786407471
1797,1.0119049549102783,0.5448269248008728
1798,1.2105587720870972,0.631652295589447
1799,1.216288685798645,0.6175800561904907
1800,0.6748942732810974,0.6536018252372742
1801,1.2052371501922607,0.5645650625228882
1802,1.0228183269500732,0.6089887022972107
1803,1.3375462293624878,0.6038834452629089
1804,1.1237114667892456,0.5300604701042175
1805,1.0845794677734375,0.6392605900764465
1806,0.7689943909645081,0.5784124732017517
1807,0.8881983757019043,0.584660530090332
1808,0.9732344150543213,0.5536715984344482
1809,1.1508281230926514,0.5320805311203003
1810,1.2832084894180298,0.5786164999008179
1811,1.1492072343826294,0.620968759059906
1812,1.1898460388183594,0.5792151093482971
1813,1.0282433032989502,0.5956888794898987
1814,1.0540308952331543,0.5739889144897461
1815,1.0167328119277954,0.5966458320617676
1816,0.8145866394042969,0.5509569644927979
1817,1.3897674083709717,0.5614808797836304
1818,0.8628970384597778,0.5713680982589722
1819,1.3525632619857788,0.5941765904426575
1820,0.908310055732727,0.5883356928825378
1821,0.8471822738647461,0.5964224338531494
1822,0.9280346035957336,0.5540731549263
1823,0.8351352214813232,0.5429462790489197
1824,1.006396770477295,0.588108241558075
1825,0.9847429990768433,0.6265090703964233
1826,1.0435411930084229,0.5867477655410767
1827,0.9636237621307373,0.526437520980835
1828,1.1872575283050537,0.5396623611450195
1829,0.959180474281311,0.6032981872558594
1830,0.8955310583114624,0.5893176794052124
1831,1.0270233154296875,0.6206377148628235
1832,1.0164676904678345,0.6022524833679199
1833,1.2930209636688232,0.6018727421760559
1834,1.0282478332519531,0.6114208102226257
1835,1.4335178136825562,0.6310800909996033
1836,1.1989864110946655,0.5875971913337708
1837,1.061767339706421,0.5457279682159424
1838,1.1906201839447021,0.5792447924613953
1839,1.0250929594039917,0.6425750255584717
1840,0.7277483940124512,0.6170260310173035
1841,1.440712571144104,0.7159816026687622
1842,0.859587550163269,0.5624634623527527
1843,1.2692818641662598,0.5447349548339844
1844,0.981654167175293,0.5944371223449707
1845,0.7792782187461853,0.5585557222366333
1846,0.7754125595092773,0.5810518860816956
1847,0.9955756664276123,0.5416354537010193
1848,0.9295220375061035,0.6124798655509949
1849,1.076749324798584,0.6135476231575012
1850,0.8563923835754395,0.5628314018249512
1851,0.9897668957710266,0.6226111054420471
1852,1.0808851718902588,0.5875878930091858
1853,0.9304720759391785,0.5559481382369995
1854,0.9490896463394165,0.6054372787475586
1855,1.0844159126281738,0.6073548197746277
1856,0.7378072142601013,0.5805851221084595
1857,0.973114550113678,0.5862340331077576
1858,0.8806686401367188,0.5663526654243469
1859,0.9670356512069702,0.6458988785743713
1860,1.1171609163284302,0.6526296734809875
1861,1.019187569618225,0.5896245837211609
1862,0.9047275185585022,0.5306257605552673
1863,0.9749594926834106,0.5492017865180969
1864,1.1692074537277222,0.6563847661018372
1865,1.009999394416809,0.5601899027824402
1866,0.9179489016532898,0.5884761214256287
1867,1.3906726837158203,0.7000166773796082
1868,1.1078784465789795,0.5684552788734436
1869,1.1898399591445923,0.5584408640861511
1870,1.1319929361343384,0.5892718434333801
1871,1.156628131866455,0.5795262455940247
1872,0.9255461096763611,0.5526746511459351
1873,1.079697608947754,0.6018639802932739
1874,1.0912214517593384,0.5853158831596375
1875,0.9104558229446411,0.5906993746757507
1876,0.7980756759643555,0.5447981357574463
1877,1.3498889207839966,0.6611409187316895
1878,0.9736412763595581,0.5671292543411255
1879,1.07564377784729,0.5793580412864685
1880,0.7012240886688232,0.6371152997016907
1881,0.836470365524292,0.6343966126441956
1882,1.0734933614730835,0.5114732384681702
1883,0.9307208061218262,0.590338945388794
1884,0.8093125224113464,0.6150148510932922
1885,0.9699987769126892,0.5704058408737183
1886,1.0259640216827393,0.6161049008369446
1887,0.9821844100952148,0.617434024810791
1888,0.9404965043067932,0.5448975563049316
1889,1.3050531148910522,0.6497877836227417
1890,0.8203206062316895,0.5573769211769104
1891,1.1919761896133423,0.5726222991943359
1892,1.1815122365951538,0.7007363438606262
1893,1.460179090499878,0.559588611125946
1894,0.95807945728302,0.5522435903549194
1895,0.8971543908119202,0.5998488664627075
1896,1.0923725366592407,0.6107089519500732
1897,1.2363808155059814,0.6090542674064636
1898,1.3022195100784302,0.6003608703613281
1899,0.9061735272407532,0.5459176301956177
1900,1.0343505144119263,0.5398203134536743
1901,0.8974600434303284,0.6052923798561096
1902,1.0687695741653442,0.5127298831939697
1903,0.8589739203453064,0.5425775051116943
1904,0.9587326049804688,0.5612921714782715
1905,0.8705071806907654,0.6033526659011841
1906,1.0005744695663452,0.4847438633441925
1907,1.0908534526824951,0.5905541181564331
1908,1.1104577779769897,0.5938201546669006
1909,0.9693097472190857,0.5654891133308411
1910,1.0160777568817139,0.5981234312057495
1911,1.3386082649230957,0.5734524726867676
1912,1.1253952980041504,0.6034035086631775
1913,0.9307035207748413,0.5847196578979492
1914,1.0869126319885254,0.5998855233192444
1915,1.0676454305648804,0.5740875601768494
1916,1.3021632432937622,0.5927843451499939
1917,1.0972708463668823,0.6219300031661987
1918,0.9455037117004395,0.6153940558433533
1919,1.2251176834106445,0.6768856048583984
1920,1.007516860961914,0.5996980667114258
1921,1.1923303604125977,0.5969471335411072
1922,1.1143395900726318,0.5895607471466064
1923,1.0043283700942993,0.5652605295181274
1924,1.225780963897705,0.6225224733352661
1925,1.559264063835144,0.5747507214546204
1926,1.0247641801834106,0.5956363081932068
1927,0.9003243446350098,0.5122456550598145
1928,1.1657650470733643,0.5907694697380066
1929,0.9835295677185059,0.5223208069801331
1930,0.9095495939254761,0.5860530138015747
1931,1.0389326810836792,0.6533557772636414
1932,1.2456802129745483,0.6158195734024048
1933,0.8427168726921082,0.5654950737953186
1934,1.0890569686889648,0.5960516333580017
1935,1.0535191297531128,0.6497244834899902
1936,1.0258898735046387,0.5884844064712524
1937,0.9093502759933472,0.5437821745872498
1938,0.9325810074806213,0.5966018438339233
1939,1.2601345777511597,0.6007363796234131
1940,1.13633394241333,0.5504564642906189
1941,1.3161264657974243,0.6577277779579163
1942,1.1125264167785645,0.5507901310920715
1943,0.7842891812324524,0.6004171967506409
1944,0.9849715232849121,0.5792374014854431
1945,1.1174951791763306,0.5460226535797119
1946,1.1104049682617188,0.6149194240570068
1947,1.1166832447052002,0.588198184967041
1948,0.9842227101325989,0.6364224553108215
1949,1.2066352367401123,0.5562852621078491
1950,1.2030701637268066,0.5938471555709839
1951,1.0346605777740479,0.5422644019126892
1952,1.225274920463562,0.623674750328064
1953,1.0947093963623047,0.5694957971572876
1954,1.098875641822815,0.5529313683509827
1955,1.196103811264038,0.5978490710258484
1956,0.8140762448310852,0.5378835201263428
1957,0.9339577555656433,0.5480759739875793
1958,1.3574349880218506,0.532860279083252
1959,1.250659704208374,0.6509889960289001
1960,1.331530213356018,0.6048829555511475
1961,1.0373141765594482,0.5960375070571899
1962,0.9527080655097961,0.554888904094696
1963,0.9109247922897339,0.5870101451873779
1964,0.8961278796195984,0.5576085448265076
1965,1.0994999408721924,0.5474761724472046
1966,0.8656485676765442,0.61943119764328
1967,0.8083680868148804,0.662078320980072
1968,0.8833541870117188,0.6381785869598389
1969,1.2436246871948242,0.5110384821891785
1970,1.198790431022644,0.5907855033874512
1971,1.4316388368606567,0.5281548500061035
1972,0.9326686263084412,0.5648454427719116
1973,1.102418065071106,0.5679171085357666
1974,0.8877519965171814,0.5730241537094116
1975,1.031752347946167,0.5978187918663025
1976,1.0311564207077026,0.6109355688095093
1977,1.1266025304794312,0.5854505896568298
1978,0.8304803967475891,0.6191089749336243
1979,1.0844820737838745,0.6034894585609436
1980,0.7069411277770996,0.6272560954093933
1981,1.2287626266479492,0.5389079451560974
1982,0.7806969881057739,0.6258688569068909
1983,0.8977687358856201,0.550730288028717
1984,1.1378474235534668,0.5887613892555237
1985,1.3501801490783691,0.5432586073875427
1986,0.7442315816879272,0.6348575353622437
1987,1.2103148698806763,0.6205800771713257
1988,1.059920072555542,0.5718243718147278
1989,0.8141521215438843,0.6149632930755615
1990,1.092329978942871,0.5888370275497437
1991,1.0076438188552856,0.5055724382400513
1992,1.0086305141448975,0.5739241242408752
1993,1.2182824611663818,0.6008392572402954
1994,0.9495100975036621,0.6199170351028442
1995,1.348613977432251,0.6190232634544373
1996,1.1435322761535645,0.5398885607719421
1997,1.0422656536102295,0.5863065719604492
1998,1.0763733386993408,0.5667769908905029
1999,1.2673519849777222,0.5886921286582947
